Gene	A_loading	AUCs	corrs	Association	LF_number	Model
C.4.COL3A1	1	0.6346153846153846	0.22700760322746225	Higher in Adult LS	1	Adult LS vs Healthy
C.13.COL3A1	1	0.7692307692307692	0.45342519294190703	Higher in Adult LS	1	Adult LS vs Healthy
C.13.COL1A1	1	0.7403846153846154	0.40484392226955984	Higher in Adult LS	1	Adult LS vs Healthy
C.18.COL6A1	1	0.6394230769230769	0.24148785297835307	Higher in Adult LS	1	Adult LS vs Healthy
C.1.AQP3	0.5598253036400752	0.6634615384615384	0.2761920550668525	Higher in Adult LS	1	Adult LS vs Healthy
C.26.PLAC9	0.5428544733395941	0.6682692307692308	0.29991257467394133	Higher in Adult LS	1	Adult LS vs Healthy
C.17.NFKBIA	0.200832313877399	0.3653846153846154	-0.22671259647095351	Higher in Healthy	1	Adult LS vs Healthy
C.27.DDX5	0.1724343081178355	0.8365384615384616	0.5829017140856798	Higher in Adult LS	1	Adult LS vs Healthy
C.4.NFKBIA	0.16580782533250268	0.3125	-0.31588083473738315	Higher in Healthy	1	Adult LS vs Healthy
C.16.DNAJB1	0.14062972650022582	0.5528846153846154	0.08909459441310806	Higher in Adult LS	1	Adult LS vs Healthy
C.23.FOS	1	0.39903846153846156	-0.17487051422570396	Higher in Healthy	2	Adult LS vs Healthy
C.23.JUN	1	0.40865384615384615	-0.15434261900794696	Higher in Healthy	2	Adult LS vs Healthy
C.23.JUNB	1	0.3894230769230769	-0.18683580195698843	Higher in Healthy	2	Adult LS vs Healthy
C.23.HES1	0.5702266964719719	0.35096153846153844	-0.2656368518540623	Higher in Healthy	2	Adult LS vs Healthy
C.13.THY1	0.41272482269227234	0.5961538461538461	0.1621482880196159	Higher in Adult LS	2	Adult LS vs Healthy
C.18.CIRBP	0.3090299829267154	0.6153846153846154	0.19795764159656262	Higher in Adult LS	2	Adult LS vs Healthy
C.5.TACSTD2	0.2937951443246209	0.5673076923076923	0.11350380161373112	Higher in Adult LS	2	Adult LS vs Healthy
C.3.SLC2A3	0.24057060366084967	0.3269230769230769	-0.2918669184353086	Higher in Healthy	2	Adult LS vs Healthy
C.18.SOD3	0.1924786204742442	0.4326923076923077	-0.11804887248377777	Higher in Healthy	2	Adult LS vs Healthy
C.23.SKP1	0.15009706446830332	0.28365384615384615	-0.36857191888662794	Higher in Healthy	2	Adult LS vs Healthy
C.4.TCF4	1	0.7019230769230769	0.35989508960872957	Higher in Adult LS	3	Adult LS vs Healthy
C.23.EMP3	1	0.3076923076923077	-0.3330866937632456	Higher in Healthy	3	Adult LS vs Healthy
C.25.UQCRH	1	0.7788461538461539	0.4890596145756508	Higher in Adult LS	3	Adult LS vs Healthy
C.25.EEF1B2	1	0.8173076923076923	0.577211466382189	Higher in Adult LS	3	Adult LS vs Healthy
C.25.HNRNPDL	1	0.7211538461538461	0.38787486673241267	Higher in Adult LS	3	Adult LS vs Healthy
C.25.SNHG8	1	0.6730769230769231	0.30848150537891106	Higher in Adult LS	3	Adult LS vs Healthy
C.25.HINT1	1	0.8365384615384616	0.577376454656641	Higher in Adult LS	3	Adult LS vs Healthy
C.25.S100A6	0.5304557413312222	0.6057692307692307	0.1787125062197281	Higher in Adult LS	3	Adult LS vs Healthy
C.25.PERP	0.3843442558752806	0.75	0.42890822345921903	Higher in Adult LS	3	Adult LS vs Healthy
C.0.KRTDAP	0.19079519222405988	0.49038461538461536	-0.016193756890782396	Higher in Healthy	3	Adult LS vs Healthy
C.20.COX7C	0.14057749522330087	0.6298076923076923	0.2248335182901908	Higher in Adult LS	3	Adult LS vs Healthy
C.20.EEF1B2	0.08046114759208825	0.625	0.21923362032701588	Higher in Adult LS	3	Adult LS vs Healthy
C.0.FOS	1	0.3653846153846154	-0.22700760322746225	Higher in Healthy	4	Adult LS vs Healthy
C.0.HES1	1	0.40384615384615385	-0.1629994659835767	Higher in Healthy	4	Adult LS vs Healthy
C.0.ATF3	1	0.46153846153846156	-0.06552389669095608	Higher in Healthy	4	Adult LS vs Healthy
C.0.JUN	1	0.3269230769230769	-0.29148762403408307	Higher in Healthy	4	Adult LS vs Healthy
C.0.JUND	1	0.5913461538461539	0.16280968339442528	Higher in Adult LS	4	Adult LS vs Healthy
C.0.KRT2	1	0.6730769230769231	0.30848150537891106	Higher in Adult LS	4	Adult LS vs Healthy
C.0.FOSB	1	0.5096153846153846	0.016246591474520736	Higher in Adult LS	4	Adult LS vs Healthy
C.0.EGR1	1	0.49038461538461536	-0.01629994659835767	Higher in Healthy	4	Adult LS vs Healthy
C.0.ZFP36	1	0.3269230769230769	-0.29148762403408307	Higher in Healthy	4	Adult LS vs Healthy
C.0.SBSN	1	0.5961538461538461	0.16496470133046887	Higher in Adult LS	4	Adult LS vs Healthy
C.27.CLIC1	1	0.9230769230769231	0.7540659020373383	Higher in Adult LS	4	Adult LS vs Healthy
C.27.LMNA	1	0.8461538461538461	0.599556048773842	Higher in Adult LS	4	Adult LS vs Healthy
C.27.PRDX1	1	0.8413461538461539	0.6083940800528523	Higher in Adult LS	4	Adult LS vs Healthy
C.16.ZFP36L1	1	0.8365384615384616	0.5733340960458657	Higher in Adult LS	4	Adult LS vs Healthy
C.16.CXCL8	1	0.8269230769230769	0.5513041792666941	Higher in Adult LS	4	Adult LS vs Healthy
C.16.GPR183	1	0.8269230769230769	0.5513041792666941	Higher in Adult LS	4	Adult LS vs Healthy
C.27.UBB	1	0.8269230769230769	0.552384110133705	Higher in Adult LS	4	Adult LS vs Healthy
C.16.CTSL	1	0.8076923076923077	0.5484115651180641	Higher in Adult LS	4	Adult LS vs Healthy
C.27.SRGN	1	0.8076923076923077	0.5215982911474455	Higher in Adult LS	4	Adult LS vs Healthy
C.27.MYL6	1	0.7980769230769231	0.5162843753330306	Higher in Adult LS	4	Adult LS vs Healthy
C.3.TRBC2	1	0.6201923076923077	0.20476217715923775	Higher in Adult LS	5	Adult LS vs Healthy
C.20.H3F3A	1	0.6634615384615384	0.2770990921720804	Higher in Adult LS	5	Adult LS vs Healthy
C.30.ID3	1	0.28365384615384615	-0.40377713801144566	Higher in Healthy	5	Adult LS vs Healthy
C.30.SFN	1	0.35096153846153844	-0.2781575839634403	Higher in Healthy	5	Adult LS vs Healthy
C.15.FABP5	0.5991371446965268	0.3076923076923077	-0.32493182949041466	Higher in Healthy	5	Adult LS vs Healthy
C.23.PRNP	0.5750143429649152	0.8125	0.5280142229219239	Higher in Adult LS	5	Adult LS vs Healthy
C.12.S100A2	0.5663125802817905	0.3557692307692308	-0.2429852574902947	Higher in Healthy	5	Adult LS vs Healthy
C.27.S100A4	0.4141745831847348	0.5673076923076923	0.1154752909313282	Higher in Adult LS	5	Adult LS vs Healthy
C.24.LGALS7B	0.3804878279326669	0.4230769230769231	-0.12955005512625917	Higher in Healthy	5	Adult LS vs Healthy
C.23.SKP1	0.3724066668957132	0.28365384615384615	-0.36857191888662794	Higher in Healthy	5	Adult LS vs Healthy
C.26.DYNLL1	0.14672795186414994	0.6826923076923077	0.30808174723727016	Higher in Adult LS	5	Adult LS vs Healthy
C.20.ZFAS1	0.2012302411235665	0.6586538461538461	0.2827747132640018	Higher in Adult LS	5	Adult LS vs Healthy
C.20.COX7C	0.26688020013563274	0.6298076923076923	0.2248335182901908	Higher in Adult LS	5	Adult LS vs Healthy
C.20.EEF1B2	0.3439726835001179	0.625	0.21923362032701588	Higher in Adult LS	5	Adult LS vs Healthy
C.26.SQSTM1	0.3520894595056852	0.6057692307692307	0.17929941258193438	Higher in Adult LS	5	Adult LS vs Healthy
C.22.AQP3	0.31157053437359816	0.6057692307692307	0.17929941258193438	Higher in Adult LS	5	Adult LS vs Healthy
C.27.VIM	0.3058820932194896	0.6057692307692307	0.17929941258193438	Higher in Adult LS	5	Adult LS vs Healthy
C.2.PERP	1	0.3572984749455338	-0.24674514648546478	Higher in Healthy	1	Peds + Adult LS vs Healthy
C.2.KRT5	1	0.3627450980392157	-0.23732739280281345	Higher in Healthy	1	Peds + Adult LS vs Healthy
C.2.KRT14	1	0.2984749455337691	-0.3406780733956821	Higher in Healthy	1	Peds + Adult LS vs Healthy
C.11.BTF3	0.733257114886909	0.27886710239651413	-0.3792160443017505	Higher in Healthy	1	Peds + Adult LS vs Healthy
C.2.ACTG1	0.6375118287155611	0.46187363834422657	-0.06625861941716166	Higher in Healthy	1	Peds + Adult LS vs Healthy
C.15.CTNNBIP1	0.6308127529954206	0.23856209150326796	-0.4436748430974416	Higher in Healthy	1	Peds + Adult LS vs Healthy
C.11.ANXA2	0.6239979966512895	0.3779956427015251	-0.2200288894585966	Higher in Healthy	1	Peds + Adult LS vs Healthy
C.5.LGALS7B	0.6012426687328267	0.42483660130718953	-0.12755651739051446	Higher in Healthy	1	Peds + Adult LS vs Healthy
C.2.H3F3B	0.5888759923724178	0.4760348583877996	-0.04055469440904631	Higher in Healthy	1	Peds + Adult LS vs Healthy
C.12.S100A14	0.5810991321712483	0.4215686274509804	-0.1323729899912244	Higher in Healthy	1	Peds + Adult LS vs Healthy
C.25.SAT1	0.20013708419727044	0.7908496732026145	0.49088317121745717	Higher in LS	1	Peds + Adult LS vs Healthy
C.20.HLAE	0.35425751129601296	0.7843137254901961	0.5038775635313413	Higher in LS	1	Peds + Adult LS vs Healthy
C.20.BTG1	0.38561611283434893	0.775599128540305	0.468627009551238	Higher in LS	1	Peds + Adult LS vs Healthy
C.26.SQSTM1	0.24367299474080162	0.775599128540305	0.4677072304318864	Higher in LS	1	Peds + Adult LS vs Healthy
C.18.NEAT1	0.1713031957756292	0.775599128540305	0.4655545569425571	Higher in LS	1	Peds + Adult LS vs Healthy
C.17.KLF2	0.2068466365129041	0.7712418300653594	0.46900413339603614	Higher in LS	1	Peds + Adult LS vs Healthy
C.9.MGP	0.09226255716594065	0.7494553376906318	0.42417227346732606	Higher in LS	1	Peds + Adult LS vs Healthy
C.25.JUN	0.49707514827972665	0.7407407407407407	0.4235376430648725	Higher in LS	1	Peds + Adult LS vs Healthy
C.26.CEBPD	0.23946235511864614	0.7233115468409586	0.3806176987510179	Higher in LS	1	Peds + Adult LS vs Healthy
C.20.HNRNPA2B1	0.19069729106951483	0.7113289760348585	0.36938101893300934	Higher in LS	1	Peds + Adult LS vs Healthy
C.0.LGALS7	1	0.39215686274509803	-0.1864715229164963	Higher in Healthy	2	Peds + Adult LS vs Healthy
C.22.LGALS7	1	0.40305010893246185	-0.1748443853733491	Higher in Healthy	2	Peds + Adult LS vs Healthy
C.27.CD44	1	0.43028322440087147	-0.12573079397634093	Higher in Healthy	2	Peds + Adult LS vs Healthy
C.6.TUBA1A	0.6206726063845687	0.5	0	NA	2	Peds + Adult LS vs Healthy
C.1.ACTB	0.547975739456764	0.5206971677559913	0.03496259518540942	Higher in LS	2	Peds + Adult LS vs Healthy
C.6.TAGLN2	0.338304472404622	0.5816993464052288	0.14373449425278478	Higher in LS	2	Peds + Adult LS vs Healthy
C.26.EFEMP1	0.2911075032675903	0.5468409586056645	0.08063535927381794	Higher in LS	2	Peds + Adult LS vs Healthy
C.1.S100A10	0.26276952671879855	0.4411764705882353	-0.1002602718661218	Higher in Healthy	2	Peds + Adult LS vs Healthy
C.5.CCL27	0.26079052562354504	0.5250544662309368	0.04296536462532148	Higher in LS	2	Peds + Adult LS vs Healthy
C.12.HOPX	0.25396915777754403	0.3790849673202614	-0.21134687165754656	Higher in Healthy	2	Peds + Adult LS vs Healthy
C.10.NEAT1	0.21211757258586048	0.7516339869281046	0.42889116298285435	Higher in LS	2	Peds + Adult LS vs Healthy
C.23.PPP1R15A	0.09047375063485609	0.5294117647058824	0.05111379212181042	Higher in LS	2	Peds + Adult LS vs Healthy
C.27.ITM2B	0.08569678823769923	0.5010893246187363	0.0019305653775147176	Higher in LS	2	Peds + Adult LS vs Healthy
C.10.DUSP1	0.2414997556796108	0.44880174291938996	-0.0900736163984118	Higher in Healthy	2	Peds + Adult LS vs Healthy
C.23.S100A4	1	0.3420479302832244	-0.27449999472824116	Higher in Healthy	3	Peds + Adult LS vs Healthy
C.23.CRYAB	1	0.2799564270152506	-0.37170759091856337	Higher in Healthy	3	Peds + Adult LS vs Healthy
C.23.SPARC	1	0.3137254901960784	-0.31489703000357644	Higher in Healthy	3	Peds + Adult LS vs Healthy
C.23.PRNP	1	0.29520697167755994	-0.35119515432871473	Higher in Healthy	3	Peds + Adult LS vs Healthy
C.23.TUBA1A	1	0.21786492374727667	-0.4808779706171397	Higher in Healthy	3	Peds + Adult LS vs Healthy
C.23.GSN	1	0.3562091503267974	-0.24289802970916025	Higher in Healthy	3	Peds + Adult LS vs Healthy
C.23.S100B	0.7419604671326142	0.45751633986928103	-0.07425700896075961	Higher in Healthy	3	Peds + Adult LS vs Healthy
C.23.PLP1	0.6092692364146013	0.40740740740740744	-0.15632880145214703	Higher in Healthy	3	Peds + Adult LS vs Healthy
C.23.TUBA1B	0.4025107097862436	0.22875816993464054	-0.4595759525494869	Higher in Healthy	3	Peds + Adult LS vs Healthy
C.23.PSAP	0.3660226379562581	0.32679738562091504	-0.29279899281034305	Higher in Healthy	3	Peds + Adult LS vs Healthy
C.20.HLAC	0.13377044128476492	0.747276688453159	0.4214644761779564	Higher in LS	3	Peds + Adult LS vs Healthy
C.23.ZFP36L1	0.3230538355845878	0.6285403050108933	0.22467505275306754	Higher in LS	3	Peds + Adult LS vs Healthy
C.18.S100A11	0.15521044165696002	0.5577342047930283	0.10157237593863458	Higher in LS	3	Peds + Adult LS vs Healthy
C.10.NFKBIA	0.2663185614182583	0.5446623093681917	0.07980747887141712	Higher in LS	3	Peds + Adult LS vs Healthy
C.25.YBX1	0.2059835599743509	0.4106753812636166	-0.16109257978218683	Higher in Healthy	3	Peds + Adult LS vs Healthy
C.14.MFAP4	0.2474562666670774	0.38344226579520696	-0.2065704953940748	Higher in Healthy	3	Peds + Adult LS vs Healthy
C.0.FOS	1	0.5860566448801743	0.14580923795746772	Higher in LS	4	Peds + Adult LS vs Healthy
C.0.HES1	1	0.607843137254902	0.18432825680034054	Higher in LS	4	Peds + Adult LS vs Healthy
C.0.JUN	1	0.5882352941176471	0.14897215197204597	Higher in LS	4	Peds + Adult LS vs Healthy
C.0.ATF3	1	0.6067538126361656	0.18458797217996603	Higher in LS	4	Peds + Adult LS vs Healthy
C.0.KRTDAP	1	0.33986928104575165	-0.2702043613341126	Higher in Healthy	4	Peds + Adult LS vs Healthy
C.0.KRT1	1	0.44008714596949894	-0.10108261985232421	Higher in Healthy	4	Peds + Adult LS vs Healthy
C.0.ZFP36	1	0.673202614379085	0.29226186021852996	Higher in LS	4	Peds + Adult LS vs Healthy
C.0.JUND	1	0.6928104575163399	0.33338848036585705	Higher in LS	4	Peds + Adult LS vs Healthy
C.0.LYPD3	1	0.38671023965141615	-0.19137420522539897	Higher in Healthy	4	Peds + Adult LS vs Healthy
C.0.SBSN	1	0.3790849673202614	-0.20519961493256672	Higher in Healthy	4	Peds + Adult LS vs Healthy
C.14.YBX3	1	0.9128540305010893	0.6995152048845604	Higher in LS	4	Peds + Adult LS vs Healthy
C.21.HLAB	1	0.8888888888888888	0.6841761926432556	Higher in LS	4	Peds + Adult LS vs Healthy
C.14.HLAE	1	0.8779956427015251	0.6816966485904734	Higher in LS	4	Peds + Adult LS vs Healthy
C.14.BGN	1	0.8671023965141612	0.6347565982106995	Higher in LS	4	Peds + Adult LS vs Healthy
C.8.C2CD4B	1	0.8562091503267975	0.602171513515611	Higher in LS	4	Peds + Adult LS vs Healthy
C.14.TIMP3	1	0.8562091503267975	0.6014060949982597	Higher in LS	4	Peds + Adult LS vs Healthy
C.26.SOX4	1	0.8562091503267975	0.6132037786636853	Higher in LS	4	Peds + Adult LS vs Healthy
C.14.LBH	1	0.8420479302832244	0.5788055755481499	Higher in LS	4	Peds + Adult LS vs Healthy
C.26.KLF2	1	0.840958605664488	0.5827751957424908	Higher in LS	4	Peds + Adult LS vs Healthy
C.23.HLAB	1	0.8366013071895425	0.5686022059100796	Higher in LS	4	Peds + Adult LS vs Healthy
C.6.IER2	1	0.6151603498542274	0.3340058453968022	High mLoSSI	1	LS mLoSSI
C.6.FOSB	1	0.5932944606413995	0.29812999462940065	High mLoSSI	1	LS mLoSSI
C.14.FOSB	0.30129458917460017	0.5583090379008746	0.15874662086546723	High mLoSSI	1	LS mLoSSI
C.6.NR4A1	0.2960752918657997	0.5801749271137027	0.21015403247458736	High mLoSSI	1	LS mLoSSI
C.0.IER3	0.2798021024597131	0.5932944606413995	0.29496050676471136	High mLoSSI	1	LS mLoSSI
C.0.NFKBIA	0.23074326730481834	0.5626822157434402	0.16052614046224545	High mLoSSI	1	LS mLoSSI
C.22.MALAT1	0.22793506974638456	0.39941690962099125	-0.27304732082435273	Low mLoSSI	1	LS mLoSSI
C.0.DNAJA1	0.21206492575256253	0.5626822157434402	0.20609401558385182	High mLoSSI	1	LS mLoSSI
C.26.IER3	0.1958714385836657	0.5845481049562682	0.2549334369510102	High mLoSSI	1	LS mLoSSI
C.13.ID3	0.1752980870412089	0.47959183673469385	-0.047187532869602075	Low mLoSSI	1	LS mLoSSI
C.17.GEM	0.12910646217484487	0.6049562682215743	0.3668200006782715	High mLoSSI	1	LS mLoSSI
C.26.ID1	0.14755275757642314	0.5860058309037901	0.24948183662224133	High mLoSSI	1	LS mLoSSI
C.10.DUSP2	0.14297072589924203	0.5845481049562682	0.24080716445963518	High mLoSSI	1	LS mLoSSI
C.23.NEAT1	0.1425001908431739	0.5685131195335277	0.195675696255848	High mLoSSI	1	LS mLoSSI
C.25.IER2	0.10711631784517762	0.564139941690962	0.1579420858745602	High mLoSSI	1	LS mLoSSI
C.21.AQP5	1	0.4285714285714286	-0.1834076275250738	Low mLoSSI	2	LS mLoSSI
C.21.GAPDH	1	0.4358600583090379	-0.16452618621501464	Low mLoSSI	2	LS mLoSSI
C.21.LDHA	1	0.3965014577259475	-0.28676610658184615	Low mLoSSI	2	LS mLoSSI
C.21.KRT15	1	0.44752186588921283	-0.1621539861919146	Low mLoSSI	2	LS mLoSSI
C.21.PDCD4	1	0.3542274052478134	-0.37071054426517697	Low mLoSSI	2	LS mLoSSI
C.21.CLDN10	1	0.38629737609329445	-0.3289855602616695	Low mLoSSI	2	LS mLoSSI
C.21.KRT18	1	0.467930029154519	-0.09944734125938938	Low mLoSSI	2	LS mLoSSI
C.21.KRT8	1	0.41253644314868804	-0.23987549911306275	Low mLoSSI	2	LS mLoSSI
C.21.DBI	1	0.47667638483965014	-0.041609324758679976	Low mLoSSI	2	LS mLoSSI
C.21.NDRG2	1	0.4285714285714286	-0.2150878412583447	Low mLoSSI	2	LS mLoSSI
C.25.CALML5	0.1265118213659674	0.6793002915451896	0.5056368434541539	High mLoSSI	2	LS mLoSSI
C.25.ANXA2	0.09455036781564198	0.6443148688046647	0.3858307615828476	High mLoSSI	2	LS mLoSSI
C.26.ANGPT2	0.09021725478754797	0.6253644314868805	0.35333925289410445	High mLoSSI	2	LS mLoSSI
C.21.SOD2	0.6210202510226345	0.4970845481049563	-0.054872798809276674	Low mLoSSI	2	LS mLoSSI
C.17.CCL2	0.14206418477589366	0.49271137026239065	0.00825563008091548	High mLoSSI	2	LS mLoSSI
C.21.SLC12A2	0.09878613026304746	0.49271137026239065	1.5488058137971456e-4	High mLoSSI	2	LS mLoSSI
C.6.APOE	0.09860997723322594	0.4737609329446064	-0.04049797073706672	Low mLoSSI	2	LS mLoSSI
C.21.TSC22D1	0.3736372754044091	0.4606413994169096	-0.10311406395360834	Low mLoSSI	2	LS mLoSSI
C.21.COX7C	1	0.34985422740524785	-0.39412035372424564	Low mLoSSI	3	LS mLoSSI
C.21.NDUFA4	1	0.4139941690962099	-0.2345735749438789	Low mLoSSI	3	LS mLoSSI
C.21.FXYD3	1	0.4285714285714286	-0.18741387449824268	Low mLoSSI	3	LS mLoSSI
C.21.ELOB	1	0.38338192419825073	-0.3252404545670293	Low mLoSSI	3	LS mLoSSI
C.21.TOMM7	0.566488859595086	0.48542274052478135	-0.07162667855776732	Low mLoSSI	3	LS mLoSSI
C.21.MALAT1	0.4826486510391122	0.5801749271137027	0.22320777626178892	High mLoSSI	3	LS mLoSSI
C.25.EEF1B2	0.4311754871150566	0.597667638483965	0.2649763968352457	High mLoSSI	3	LS mLoSSI
C.26.ANGPT2	0.4004009542682751	0.6253644314868805	0.35333925289410445	High mLoSSI	3	LS mLoSSI
C.21.SFRP1	0.39614402520119557	0.4387755102040816	-0.19584126090548032	Low mLoSSI	3	LS mLoSSI
C.21.KRT7	0.3762685703930219	0.3556851311953353	-0.39871223375016046	Low mLoSSI	3	LS mLoSSI
C.25.CALML5	0.2039864459485704	0.6793002915451896	0.5056368434541539	High mLoSSI	3	LS mLoSSI
C.3.ITM2A	0.18408477138883841	0.5845481049562682	0.212835691281322	High mLoSSI	3	LS mLoSSI
C.5.AREG	0.0967791427300622	0.5393586005830904	0.0538934533654811	High mLoSSI	3	LS mLoSSI
C.20.JUNB	0.0954565351524541	0.5087463556851312	0.07556987658377907	High mLoSSI	3	LS mLoSSI
C.6.PPDPF	0.11941103203206209	0.44752186588921283	-0.1435487780827027	Low mLoSSI	3	LS mLoSSI
C.25.DCD	1	0.2944606413994169	-0.6010938858343011	Low mLoSSI	4	LS mLoSSI
C.25.MUCL1	1	0.2944606413994169	-0.5680938623431413	Low mLoSSI	4	LS mLoSSI
C.25.SCGB2A2	1	0.37317784256559766	-0.4137747181920807	Low mLoSSI	4	LS mLoSSI
C.25.SCGB1D2	1	0.34985422740524785	-0.42421791239903817	Low mLoSSI	4	LS mLoSSI
C.25.SCGB1B2P	1	0.3250728862973761	-0.4875332631039186	Low mLoSSI	4	LS mLoSSI
C.25.KRT14	1	0.69533527696793	0.5378501942831002	High mLoSSI	4	LS mLoSSI
C.25.ELF3	1	0.6166180758017492	0.3121466275741365	High mLoSSI	4	LS mLoSSI
C.25.UBA52	0.6178539703259798	0.7594752186588921	0.7090943726387469	High mLoSSI	4	LS mLoSSI
C.21.KRT7	0.43580281268805093	0.3556851311953353	-0.39871223375016046	Low mLoSSI	4	LS mLoSSI
C.25.AZGP1	0.32781937231205655	0.34839650145772594	-0.40393757778929723	Low mLoSSI	4	LS mLoSSI
C.25.CALML5	0.20172143884097551	0.6793002915451896	0.5056368434541539	High mLoSSI	4	LS mLoSSI
C.26.ANGPT2	0.23824884599583754	0.6253644314868805	0.35333925289410445	High mLoSSI	4	LS mLoSSI
C.25.EEF1B2	0.19268178658414517	0.597667638483965	0.2649763968352457	High mLoSSI	4	LS mLoSSI
C.25.ACTG1	0.09695593618928047	0.597667638483965	0.28742894614383024	High mLoSSI	4	LS mLoSSI
C.25.SERF2	0.1621672301110661	0.4839650145772595	-0.08464967424234175	Low mLoSSI	4	LS mLoSSI
C.21.SFRP1	0.28122525810086013	0.4387755102040816	-0.19584126090548032	Low mLoSSI	4	LS mLoSSI
C.12.CHCHD2	0.1060242274906409	0.4096209912536443	-0.24054882391181515	Low mLoSSI	4	LS mLoSSI
C.25.UBC	1	0.5145772594752187	0.059354477964587614	High mLoSSI	5	LS mLoSSI
C.25.GAPDH	1	0.5626822157434402	0.14077608868563357	High mLoSSI	5	LS mLoSSI
C.25.NFKBIA	1	0.575801749271137	0.20365954740137704	High mLoSSI	5	LS mLoSSI
C.25.PTMA	1	0.6034985422740524	0.2865009402154743	High mLoSSI	5	LS mLoSSI
C.25.CLDN4	0.5685879326606583	0.5408163265306123	0.09826646888858019	High mLoSSI	5	LS mLoSSI
C.25.ZFP36	0.4360783135722152	0.48542274052478135	-0.023375702660461968	Low mLoSSI	5	LS mLoSSI
C.25.S100A11	0.3621848080905587	0.5014577259475219	-0.031775330886006196	Low mLoSSI	5	LS mLoSSI
C.25.KRT18	0.29250811845859737	0.44314868804664725	-0.1582536087263838	Low mLoSSI	5	LS mLoSSI
C.21.SLC12A2	0.21006528787553197	0.49271137026239065	1.5488058137971456e-4	High mLoSSI	5	LS mLoSSI
C.5.KRT15	0.17660757479608516	0.4300291545189504	-0.19213717609155165	Low mLoSSI	5	LS mLoSSI
C.25.UQCRB	0.13730525224997617	0.6107871720116618	0.268009536577736	High mLoSSI	5	LS mLoSSI
C.22.KRT10	0.15325141671079595	0.565597667638484	0.21005992094773834	High mLoSSI	5	LS mLoSSI
C.7.HLADRB5	1	0.3791208791208791	-0.2191534301685633	Higher in Peds LS	1	Peds vs Adult LS
C.8.HLADRB5	1	0.3076923076923077	-0.348653184359078	Higher in Peds LS	1	Peds vs Adult LS
C.9.HLADRB5	1	0.32967032967032966	-0.30880710614661194	Higher in Peds LS	1	Peds vs Adult LS
C.11.HLADRB1	0.4784806959051358	0.7032967032967032	0.35875206759463585	Higher in Adult LS	1	Peds vs Adult LS
C.26.S100A4	0.4157633652294641	0.5714285714285714	0.12478908559194947	Higher in Adult LS	1	Peds vs Adult LS
C.20.DDX5	0.4048356728468502	0.3791208791208791	-0.21049624416430893	Higher in Peds LS	1	Peds vs Adult LS
C.20.GAPDH	0.37632472682927826	0.532967032967033	0.05727567791395647	Higher in Adult LS	1	Peds vs Adult LS
C.3.CST7	0.323837975274731	0.6978021978021978	0.35157151554930566	Higher in Adult LS	1	Peds vs Adult LS
C.9.CTGF	0.3227600095581063	0.706043956043956	0.3615438782136275	Higher in Adult LS	1	Peds vs Adult LS
C.10.DNAJA1	0.1702337250175482	0.2857142857142857	-0.3936679943758679	Higher in Peds LS	1	Peds vs Adult LS
C.7.S100A4	0.1637992765672888	0.44505494505494503	-0.09641170085696733	Higher in Peds LS	1	Peds vs Adult LS
C.5.AREG	1	0.14285714285714285	-0.6302401187473333	Higher in Peds LS	2	Peds vs Adult LS
C.14.RHOB	1	0.26373626373626374	-0.41692807855592823	Higher in Peds LS	2	Peds vs Adult LS
C.17.ZNF331	1	0.46703296703296704	-0.0578470205141804	Higher in Peds LS	2	Peds vs Adult LS
C.17.AVPR1A	1	0.4175824175824176	-0.14544002740323078	Higher in Peds LS	2	Peds vs Adult LS
C.17.CREM	1	0.3076923076923077	-0.3393600639408718	Higher in Peds LS	2	Peds vs Adult LS
C.17.NR4A2	1	0.45054945054945056	-0.08578188891425272	Higher in Peds LS	2	Peds vs Adult LS
C.17.MAT2A	1	0.36813186813186816	-0.22910271165582588	Higher in Peds LS	2	Peds vs Adult LS
C.17.CYCS	0.8003059710604034	0.2802197802197802	-0.380670507157995	Higher in Peds LS	2	Peds vs Adult LS
C.17.EIF4A3	0.7392018775772465	0.37362637362637363	-0.2195567653368331	Higher in Peds LS	2	Peds vs Adult LS
C.17.IL6	0.5003505579652052	0.4285714285714286	-0.12478908559194947	Higher in Peds LS	2	Peds vs Adult LS
C.17.HES1	0.34610544336895194	0.5824175824175825	0.1428386699144686	Higher in Adult LS	2	Peds vs Adult LS
C.17.SORBS2	0.292047205868875	0.5714285714285714	0.12809372737090846	Higher in Adult LS	2	Peds vs Adult LS
C.1.HNRNPDL	0.2503069649496283	0.554945054945055	0.09961519553116514	Higher in Adult LS	2	Peds vs Adult LS
C.15.TMEM59	0.16122151413041955	0.5439560439560439	0.07636757055194196	Higher in Adult LS	2	Peds vs Adult LS
C.20.ACTG1	0.2386002308733601	0.4945054945054945	-0.009545946318992745	Higher in Peds LS	2	Peds vs Adult LS
C.10.RSRP1	0.1260193648863395	0.4258241758241758	-0.13448051396707295	Higher in Peds LS	2	Peds vs Adult LS
C.20.EEF1B2	1	0.4478021978021978	-0.09159111581411895	Higher in Peds LS	3	Peds vs Adult LS
C.20.EEF1D	1	0.5604395604395604	0.10559076473164955	Higher in Adult LS	3	Peds vs Adult LS
C.20.CYBA	1	0.5494505494505495	0.08726401644193847	Higher in Adult LS	3	Peds vs Adult LS
C.20.COX7C	1	0.5824175824175825	0.14461755128545098	Higher in Adult LS	3	Peds vs Adult LS
C.20.ZFAS1	1	0.6208791208791209	0.2191534301685633	Higher in Adult LS	3	Peds vs Adult LS
C.20.TOMM7	1	0.6153846153846154	0.20361603836452308	Higher in Adult LS	3	Peds vs Adult LS
C.20.HNRNPA1	1	0.554945054945055	0.10094051137842767	Higher in Adult LS	3	Peds vs Adult LS
C.20.RACK1	0.6962768935456445	0.3956043956043956	-0.18109509881897795	Higher in Peds LS	3	Peds vs Adult LS
C.2.NACA	0.5019033878722172	0.48626373626373626	-0.023920027745944195	Higher in Peds LS	3	Peds vs Adult LS
C.20.HLAB	0.33987354417827464	0.7307692307692308	0.3999482757605121	Higher in Adult LS	3	Peds vs Adult LS
C.20.UQCRB	0.08808508097015541	0.7967032967032968	0.5273572733239584	Higher in Adult LS	3	Peds vs Adult LS
C.20.BTF3	0.26510191471534916	0.6153846153846154	0.20361603836452308	Higher in Adult LS	3	Peds vs Adult LS
C.3.CLEC2D	0.24934340370085373	0.5824175824175825	0.14780045465874053	Higher in Adult LS	3	Peds vs Adult LS
C.10.SERF2	0.24815710880079553	0.5686813186813187	0.12207344289906444	Higher in Adult LS	3	Peds vs Adult LS
C.20.CFL1	0.3256340160526467	0.5659340659340659	0.11824036372699243	Higher in Adult LS	3	Peds vs Adult LS
C.20.BTG1	1	0.3076923076923077	-0.33313754281228064	Higher in Peds LS	4	Peds vs Adult LS
C.27.JUN	1	0.956043956043956	0.8268061229086706	Higher in Adult LS	4	Peds vs Adult LS
C.27.KLF6	1	0.8351648351648351	0.6157371194084088	Higher in Adult LS	4	Peds vs Adult LS
C.27.FOS	1	0.793956043956044	0.5486727923216481	Higher in Adult LS	4	Peds vs Adult LS
C.27.GADD45B	1	0.8186813186813187	0.5854549659948806	Higher in Adult LS	4	Peds vs Adult LS
C.20.SH3BGRL3	0.5868299807458682	0.8379120879120879	0.6006013390633971	Higher in Adult LS	4	Peds vs Adult LS
C.10.PABPC1	0.45383130951305173	0.27472527472527475	-0.3952879735135661	Higher in Peds LS	4	Peds vs Adult LS
C.8.CLU	0.2866538631881099	0.7912087912087913	0.5044654219728821	Higher in Adult LS	4	Peds vs Adult LS
C.17.FILIP1L	0.28647318148273476	0.3516483516483516	-0.2617920493258154	Higher in Peds LS	4	Peds vs Adult LS
C.3.LMNA	0.2697445871626878	0.7362637362637363	0.4098468025903185	Higher in Adult LS	4	Peds vs Adult LS
C.25.KRT18	0.10958408256522138	0.7857142857142857	0.5041920949978667	Higher in Adult LS	4	Peds vs Adult LS
C.23.PPDPF	0.11846134487469505	0.7252747252747253	0.3922884550334848	Higher in Adult LS	4	Peds vs Adult LS
C.9.CLDN5	0.22853933424315767	0.7142857142857143	0.37115374447904514	Higher in Adult LS	4	Peds vs Adult LS
C.13.CYR61	1	0.30219780219780223	-0.35157151554930566	Higher in Peds LS	5	Peds vs Adult LS
C.28.SFN	1	0.2802197802197802	-0.4037620455137107	Higher in Peds LS	5	Peds vs Adult LS
C.28.TACSTD2	1	0.3351648351648352	-0.31355776329927726	Higher in Peds LS	5	Peds vs Adult LS
C.14.DUSP1	0.5227073905527807	0.2582417582417582	-0.4383068603371266	Higher in Peds LS	5	Peds vs Adult LS
C.23.NFKBIA	0.506519557112705	0.18681318681318682	-0.552672104132277	Higher in Peds LS	5	Peds vs Adult LS
C.13.ID3	0.49308146783095314	0.26373626373626374	-0.4114244772302401	Higher in Peds LS	5	Peds vs Adult LS
C.18.S100A11	0.4896085047222333	0.24175824175824173	-0.46310809126405367	Higher in Peds LS	5	Peds vs Adult LS
C.27.EEF1A1	0.46437008664368273	0.2692307692307692	-0.3997650513747367	Higher in Peds LS	5	Peds vs Adult LS
C.28.GADD45A	0.4536898428663418	0.554945054945055	0.09696001826882052	Higher in Adult LS	5	Peds vs Adult LS
C.22.MALAT1	0.44795639137615745	0.5494505494505495	0.08565086411054888	Higher in Adult LS	5	Peds vs Adult LS
C.8.SOCS3	0.22821193645543922	0.7252747252747253	0.3901872698369449	Higher in Adult LS	5	Peds vs Adult LS
C.23.CDH19	0.20060770302448866	0.7197802197802198	0.3941345457566415	Higher in Adult LS	5	Peds vs Adult LS
C.20.JUN	0.41991640234840677	0.5769230769230769	0.1379470910148245	Higher in Adult LS	5	Peds vs Adult LS
C.20.ACTG1	0.1350300256351615	0.4945054945054945	-0.009545946318992745	Higher in Peds LS	5	Peds vs Adult LS
C.18.LMNA	0.21095814260118415	0.43956043956043955	-0.1083870000830764	Higher in Peds LS	5	Peds vs Adult LS
C.10.DUSP2	0.19803892143640037	0.4340659340659341	-0.11635202192258462	Higher in Peds LS	5	Peds vs Adult LS
C.4.LUM	0.20148238923628467	0.41208791208791207	-0.15273514110388392	Higher in Peds LS	5	Peds vs Adult LS
C.23.EEF2	0.2246194799858916	0.34065934065934067	-0.2811840529795795	Higher in Peds LS	5	Peds vs Adult LS
C.31.ENO1	1	0.5989010989010989	0.1816929204811698	Higher in Adult LS	6	Peds vs Adult LS
C.31.CDC42	1	0.6703296703296704	0.3129155852731258	Higher in Adult LS	6	Peds vs Adult LS
C.31.RSRP1	1	0.554945054945055	0.10094051137842767	Higher in Adult LS	6	Peds vs Adult LS
C.31.SH3BGRL3	1	0.6923076923076923	0.34180564011738046	Higher in Adult LS	6	Peds vs Adult LS
C.31.CD52	1	0.6648351648351648	0.302821534135283	Higher in Adult LS	6	Peds vs Adult LS
C.31.NDUFS5	1	0.5989010989010989	0.17930735195609726	Higher in Adult LS	6	Peds vs Adult LS
C.31.YBX1	1	0.6098901098901099	0.19531750863850314	Higher in Adult LS	6	Peds vs Adult LS
C.31.PRDX1	1	0.6648351648351648	0.29560090931748106	Higher in Adult LS	6	Peds vs Adult LS
C.31.TMEM59	1	0.5769230769230769	0.13946127374363118	Higher in Adult LS	6	Peds vs Adult LS
C.31.SERBP1	1	0.5384615384615384	0.06973063687181559	Higher in Adult LS	6	Peds vs Adult LS
C.7.PLVAP	0.13968408761112364	0.7417582417582418	0.42002163803568077	Higher in Adult LS	6	Peds vs Adult LS
