Query.Mass,Matched.Compound,Matched.Form,Mass.Diff
82.06508,C00719,M-H4O2+H[1+],3.53323001434092e-06
82.06508,C00183,M-H4O2+H[1+],3.53323001434092e-06
82.06508,C00450,M-HCOOH+H[1+],9.64667699889787e-05
82.06508,C03758,M-C3H4O2+H[1+],9.64667700031896e-05
202.10726,C00788,M+H2O+H[1+],0.000116466770009538
202.10726,C05589,M+H2O+H[1+],0.000116466770009538
202.10726,C00864,M-H2O+H[1+],0.000116466770009538
515.27533,C17337,M+HCOOK[1+],0.00154646676992343
172.13319,C03793,M-NH3+H[1+],8.64667700000155e-05
172.13319,C18042,M+H+Na[2+],0.000836466770010702
201.09827,C16362,M+H[1+],9.35332300002756e-05
127.03893,C00628,M-CO+H[1+],5.35332300017899e-05
127.03893,C05584,M-C3H4O2+H[1+],4.64667699873189e-05
166.04984,C05653,M+H[1+],3.64667700125665e-05
166.04984,C16353,M[1+],0.000739999999979091
166.04984,C16358,M[1+],0.000739999999979091
166.04984,C01693,M-CO+H[1+],6.35332299907532e-05
166.04984,C04185,M-CO+H[1+],6.35332299907532e-05
166.04984,C05579,M+H2O+H[1+],3.64667700409882e-05
166.04984,C00847,M-H2O+H[1+],3.64667700125665e-05
168.06552,C00250,M+H[1+],4.35332299844049e-05
168.06552,C00822,M-CO+H[1+],4.35332299844049e-05
168.06552,C05578,M+H2O+H[1+],5.64667700189148e-05
158.08146,C00437,M-NH3+H[1+],0.000283533229975319
180.10188,C05588,M-H2O+H[1+],3.53323000013006e-06
279.23199,C06426,M+H[1+],0.000113533229978202
279.23199,C06427,M+H[1+],0.000113533229978202
279.23199,C05476,M-C3H4O2+H[1+],0.000113533229978202
279.23199,C14825,M-H2O+H[1+],0.000213533230009944
279.23199,C14826,M-H2O+H[1+],0.000213533230009944
133.06476,C06459,M-H4O2+H[1+],0.000316466770016177
133.06476,C03012,M-CO+H[1+],8.35332299971014e-05
198.07611,C00355,M+H[1+],3.35332299812308e-05
155.08151,C00931,M-C3H4O2+H[1+],6.64667699936672e-05
186.07609,C01132,M-H4O2+H[1+],0.000113533229978202
186.07609,C00140,M-H4O2+H[1+],0.000113533229978202
186.07609,C00645,M-H4O2+H[1+],0.000113533229978202
186.07609,C00250,M+H2O+H[1+],1.35332299748825e-05
98.06,C00148,M-H2O+H[1+],2.35332300064783e-05
98.06,C00763,M-H2O+H[1+],2.35332300064783e-05
98.06,C00547,M-C3H4O2+H[1+],7.64667699968413e-05
98.06,C03824,M-CO2+H[1+],7.64667699826305e-05
98.06,C00314,M-C3H4O2+H[1+],7.64667699968413e-05
170.11755,C01953,M+H+Na[2+],0.00082646677003595
170.11755,C03681,M+H+Na[2+],0.00082646677003595
170.11755,C04042,M+H+Na[2+],0.00082646677003595
170.11755,C05479,M+H+Na[2+],0.00082646677003595
170.11755,C05588,M-CO+H[1+],7.35332299939273e-05
174.11244,C00062,M[1+],0.000739999999979091
174.11244,C00864,M-HCOOH+H[1+],0.000136466770015886
174.11244,C00792,M[1+],0.000739999999979091
138.05494,C00108,M+H[1+],3.64667700125665e-05
138.05494,C05653,M-CO+H[1+],6.35332299907532e-05
138.05494,C00847,M-HCOOH+H[1+],0.000136466770015886
138.05494,C16591,M-C3H4O2+H[1+],3.64667700409882e-05
255.09757,C07535,M(S34)+H[1+],0.000593533229988452
255.09757,C07535,M(Cl37)+H[1+],0.00080646677000118
255.09757,C16582,M+H[1+],6.46677003146578e-06
255.09757,C16584,M+H[1+],6.46677003146578e-06
255.09757,C02700,M+H2O+H[1+],6.46677003146578e-06
255.09757,C03150,M[1+],0.000529999999997699
255.09757,C04874,M[1+],0.000769999999988613
156.10193,C00483,M+H2O+H[1+],4.64667700157406e-05
156.10193,C00788,M-CO+H[1+],0.00015353323001932
156.10193,C05589,M-CO+H[1+],0.00015353323001932
182.0448,C16355,M[1+],0.000799999999998136
182.0448,C16359,M[1+],0.000799999999998136
189.08697,C00179,M+NaCl[1+],0.00070646676999786
98.07125,C01571,M+H+Na[2+],0.00017646676998595
98.07125,C01152,M-C3H4O2+H[1+],2.64667699951815e-05
180.10184,C05588,M-H2O+H[1+],3.64667699841448e-05
112.07567,C00408,M-H2O+H[1+],6.46677000304408e-06
112.07567,C05936,M-H2O+H[1+],6.46677000304408e-06
112.07567,C00788,M-C3H4O2+H[1+],6.46676997462237e-06
112.07567,C05589,M-C3H4O2+H[1+],6.46676997462237e-06
87.04401,C00111,M-HCOOK+H[1+],3.35332300096525e-05
87.04401,C00118,M-HCOOK+H[1+],3.35332300096525e-05
87.04401,C01205,M-NH3+H[1+],6.64667699936672e-05
87.04401,C00334,M-NH3+H[1+],6.64667699936672e-05
87.04401,C01026,M-NH3+H[1+],6.64667699936672e-05
87.04401,C02356,M-NH3+H[1+],6.64667699936672e-05
87.04401,C03284,M-NH3+H[1+],6.64667699936672e-05
87.04401,C06001,M-H2O+H[1+],3.35332299954416e-05
87.04401,C00670,M+3H[3+],0.000133133436648336
87.04401,C05984,M-H2O+H[1+],3.35332299954416e-05
87.04401,C01089,M-H2O+H[1+],3.35332299954416e-05
176.09172,C01132,M-HCOOH+H[1+],5.6466769990493e-05
176.09172,C00352,M-HCOOK+H[1+],4.35332299844049e-05
176.09172,C00140,M-HCOOH+H[1+],5.6466769990493e-05
176.09172,C00645,M-HCOOH+H[1+],5.6466769990493e-05
97.02839,C00544,M-C3H4O2+H[1+],8.64667700000155e-05
97.02839,C03912,M-NH3+H[1+],8.64667700000155e-05
97.02839,C03564,M-NH3+H[1+],8.64667700000155e-05
97.02839,C01161,M-C3H4O2+H[1+],8.64667700000155e-05
97.02839,C05577,M-C3H4O2+H[1+],8.64667700000155e-05
99.04402,C00148,M-NH3+H[1+],5.6466769990493e-05
99.04402,C00763,M-NH3+H[1+],5.6466769990493e-05
99.04402,C01801,M-H4O2+H[1+],4.35332300128266e-05
99.04402,C00141,M-H2O+H[1+],4.35332299986158e-05
99.04402,C05576,M-C3H4O2+H[1+],5.64667699762822e-05
83.08546,C02373,M-H2O+H[1+],1.64667700062182e-05
276.10782,C05341,M+NaCl[1+],0.000656466770010411
127.08658,C16741,M-H4O2+H[1+],0.000103533229989239
226.05327,C05645,M(Cl37)+H[1+],0.000693533229991772
74.05999,C01888,M+H[1+],8.64667700000155e-05
74.05999,C04076,M-C3H4O2+H[1+],8.64667700000155e-05
74.05999,C02946,M-C3H4O2+H[1+],8.64667700000155e-05
74.05999,C05665,M+H[1+],8.64667700000155e-05
74.05999,C00188,M-HCOOH+H[1+],8.64667699858046e-05
74.05999,C03508,M-CO2+H[1+],8.64667699858046e-05
74.05999,C05519,M-HCOOH+H[1+],8.64667699858046e-05
74.05999,C00047,M+2H[2+],3.64667699983556e-05
73.06476,C06423,M+2H[2+],1.64667699920074e-05
73.06476,C00141,M-CO2+H[1+],1.64667699920074e-05
152.07062,C00534,M-NH3+H[1+],5.64667700189148e-05
152.07062,C00355,M-HCOOH+H[1+],5.64667700189148e-05
152.07062,C00547,M-H2O+H[1+],4.35332299844049e-05
152.07062,C00822,M-CO2+H[1+],5.64667700189148e-05
152.07062,C00314,M-H2O+H[1+],4.35332299844049e-05
145.04956,C00956,M-NH3+H[1+],1.64667700062182e-05
145.04956,C00031,M-H4O2+H[1+],8.35332299971014e-05
145.04956,C00221,M-H4O2+H[1+],8.35332299971014e-05
145.04956,C00267,M-H4O2+H[1+],8.35332299971014e-05
145.04956,C00095,M-H4O2+H[1+],8.35332299971014e-05
145.04956,C00159,M-H4O2+H[1+],8.35332299971014e-05
145.04956,C00124,M-H4O2+H[1+],8.35332299971014e-05
145.04956,C00137,M-H4O2+H[1+],8.35332299971014e-05
145.04956,C00984,M-H4O2+H[1+],8.35332299971014e-05
127.05018,C00178,M+H[1+],3.53323000013006e-06
127.05018,C02835,M+H[1+],3.53323000013006e-06
127.05018,C05512,M+2H[2+],4.64667700015298e-05
242.11355,C19563,M+H2O+H[1+],2.64667700093923e-05
242.11355,C19566,M+H2O+H[1+],2.64667700093923e-05
164.07059,C05636,M-NH3+H[1+],8.64667700000155e-05
164.07059,C05638,M-NH3+H[1+],8.64667700000155e-05
164.07059,C00082,M-H2O+H[1+],1.35332300033042e-05
164.07059,C01252,M-CO2+H[1+],8.64667700000155e-05
164.07059,C05635,M-CO+H[1+],0.000113533230006624
164.07059,C00018,M-HCOOK+H[1+],1.35332300033042e-05
164.07059,C14801,M-CO2+H[1+],8.64667700000155e-05
164.07059,C16591,M-HCOOH+H[1+],8.64667700000155e-05
164.07059,C16596,M-CO+H[1+],0.000113533230006624
175.11906,C00062,M+H[1+],8.35332299686797e-05
175.11906,C00792,M+H[1+],8.35332299686797e-05
137.04569,C00262,M+H[1+],8.64667700000155e-05
137.04569,C00155,M(C13)+H[1+],0.000386466770009974
137.04569,C16355,M-HCOOH+H[1+],0.000186466770003335
137.04569,C16359,M-HCOOH+H[1+],0.000186466770003335
170.08117,C00547,M+H[1+],6.46677003146578e-06
170.08117,C00314,M+H[1+],6.46677003146578e-06
170.08117,C00355,M-CO+H[1+],9.35332299718539e-05
164.07057,C05636,M-NH3+H[1+],0.000106466770006364
164.07057,C05638,M-NH3+H[1+],0.000106466770006364
164.07057,C00082,M-H2O+H[1+],6.46677000304408e-06
164.07057,C01252,M-CO2+H[1+],0.000106466770006364
164.07057,C05635,M-CO+H[1+],9.35332300002756e-05
164.07057,C00018,M-HCOOK+H[1+],6.46677000304408e-06
164.07057,C14801,M-CO2+H[1+],0.000106466770006364
164.07057,C16591,M-HCOOH+H[1+],0.000106466770006364
164.07057,C16596,M-CO+H[1+],9.35332300002756e-05
365.10571,C00089,M+Na[1+],0.000233533229959448
365.10571,C00243,M+Na[1+],0.000233533229959448
365.10571,C01235,M+Na[1+],0.000233533229959448
365.10571,C05400,M+Na[1+],0.000233533229959448
365.10571,C05402,M+Na[1+],0.000233533229959448
365.10571,C00208,M+Na[1+],0.000233533229959448
365.10571,C00252,M+Na[1+],0.000233533229959448
365.10571,C01083,M+Na[1+],0.000233533229959448
189.07578,C00114,M+HCOOK[1+],0.000296466770009829
189.07578,C02714,M+NaCl[1+],0.000696466769994686
189.07578,C05576,M+H2O+H[1+],3.53323000013006e-06
189.07578,C00255,M+2H[2+],0.000646466770007237
282.27924,C00319,M-H2O+H[1+],0.000163533230022495
282.27924,C02934,M-H2O+H[1+],0.000163533230022495
282.27924,C12144,M-H4O2+H[1+],0.000163533230022495
325.27408,C03242,M+H2O+H[1+],0.000303533230010089
126.05497,C00956,M-H4O2+H[1+],9.35332299860647e-05
126.05497,C00355,M-C3H4O2+H[1+],6.46677000304408e-06
126.05497,C00632,M-CO+H[1+],9.35332300144864e-05
145.04952,C00956,M-NH3+H[1+],5.64667700189148e-05
145.04952,C00031,M-H4O2+H[1+],4.35332299844049e-05
145.04952,C00221,M-H4O2+H[1+],4.35332299844049e-05
145.04952,C00267,M-H4O2+H[1+],4.35332299844049e-05
145.04952,C00095,M-H4O2+H[1+],4.35332299844049e-05
145.04952,C00159,M-H4O2+H[1+],4.35332299844049e-05
145.04952,C00124,M-H4O2+H[1+],4.35332299844049e-05
145.04952,C00137,M-H4O2+H[1+],4.35332299844049e-05
145.04952,C00984,M-H4O2+H[1+],4.35332299844049e-05
164.07396,C00956,M(Cl37)+H[1+],0.000683533229988598
351.12646,C02538,M+H[1+],0.000383533229978639
157.04983,C00156,M+H2O+H[1+],0.000253533229965797
157.04983,C01036,M-CO2+H[1+],0.000253533229965797
157.04983,C01061,M-CO2+H[1+],0.000253533229965797
157.04983,C05580,M-CO+H[1+],0.000353533229969116
157.04983,C05585,M+H2O+H[1+],0.000253533229965797
100.07562,C00719,M-H2O+H[1+],5.6466769990493e-05
100.07562,C00183,M-H2O+H[1+],5.6466769990493e-05
100.07562,C04076,M-HCOOH+H[1+],0.000156466769993813
100.07562,C00450,M-CO+H[1+],4.35332300128266e-05
100.07562,C02946,M-HCOOH+H[1+],0.000156466769993813
104.07057,C01205,M+H[1+],6.46676998883322e-06
104.07057,C00334,M+H[1+],6.46676998883322e-06
104.07057,C01026,M+H[1+],6.46676998883322e-06
104.07057,C02356,M+H[1+],6.46676998883322e-06
104.07057,C03284,M+H[1+],6.46676998883322e-06
104.07057,C00025,M-CO2+H[1+],0.000106466769992153
104.07057,C00430,M-CO+H[1+],9.35332300144864e-05
104.07057,C01110,M-CO+H[1+],9.35332300144864e-05
104.07057,C01157,M-CO+H[1+],9.35332300144864e-05
104.07057,C01165,M-CO+H[1+],9.35332300144864e-05
104.07057,C05147,M-CO+H[1+],9.35332300144864e-05
104.07057,C05938,M-CO2+H[1+],0.000106466769992153
104.07057,C00217,M-CO2+H[1+],0.000106466769992153
104.07057,C03440,M-CO+H[1+],9.35332300144864e-05
163.06009,C00329,M-NH3+H[1+],8.64667700000155e-05
163.06009,C00031,M-H2O+H[1+],1.35332300033042e-05
163.06009,C00221,M-H2O+H[1+],1.35332300033042e-05
163.06009,C00267,M-H2O+H[1+],1.35332300033042e-05
163.06009,C00095,M-H2O+H[1+],1.35332300033042e-05
163.06009,C00159,M-H2O+H[1+],1.35332300033042e-05
163.06009,C00124,M-H2O+H[1+],1.35332300033042e-05
163.06009,C00137,M-H2O+H[1+],1.35332300033042e-05
163.06009,C00984,M-H2O+H[1+],1.35332300033042e-05
203.0528,C05983,M(C13)+2H[2+],0.000826466770007528
203.0528,C00031,M+Na[1+],0.000123533229981376
203.0528,C00221,M+Na[1+],0.000123533229981376
203.0528,C00267,M+Na[1+],0.000123533229981376
203.0528,C01801,M+HCOONa[1+],0.000223533229984696
203.0528,C00095,M+Na[1+],0.000123533229981376
203.0528,C00159,M+Na[1+],0.000123533229981376
203.0528,C00124,M+Na[1+],0.000123533229981376
203.0528,C00137,M+Na[1+],0.000123533229981376
203.0528,C00984,M+Na[1+],0.000123533229981376
272.12412,C21016,M-H2O+H[1+],4.35332299844049e-05
215.12779,C00670,M-CO2+H[1+],0.000286466769978233
85.03962,C00106,M-CO+H[1+],4.35332300128266e-05
85.03962,C03680,M-C3H4O2+H[1+],5.64667700047039e-05
172.09682,C03758,M+H2O+H[1+],5.64667700189148e-05
365.10575,C00089,M+Na[1+],0.000273533229972145
365.10575,C00243,M+Na[1+],0.000273533229972145
365.10575,C01235,M+Na[1+],0.000273533229972145
365.10575,C05400,M+Na[1+],0.000273533229972145
365.10575,C05402,M+Na[1+],0.000273533229972145
365.10575,C00208,M+Na[1+],0.000273533229972145
365.10575,C00252,M+Na[1+],0.000273533229972145
365.10575,C01083,M+Na[1+],0.000273533229972145
123.05526,C00153,M+H[1+],1.64667699920074e-05
123.05526,C05828,M-H2O+H[1+],1.64667700062182e-05
364.1716,C19691,M+K[1+],0.00122353323001789
134.06001,C00547,M-H4O2+H[1+],3.35332299812308e-05
134.06001,C05637,M-CO+H[1+],3.35332300096525e-05
134.06001,C05639,M-CO+H[1+],3.35332300096525e-05
134.06001,C05660,M-C3H4O2+H[1+],6.64667699936672e-05
134.06001,C00314,M-H4O2+H[1+],3.35332299812308e-05
158.08109,C00437,M-NH3+H[1+],8.64667700284372e-05
303.23203,C06428,M+H[1+],0.000153533229990899
303.23203,C01176,M-CO+H[1+],0.00025353323002264
303.23203,C02140,M-CO2+H[1+],0.000153533229990899
303.23203,C03205,M-CO+H[1+],0.00025353323002264
303.23203,C05478,M-HCOOH+H[1+],5.35332300160007e-05
303.23203,C05487,M-HCOOH+H[1+],5.35332300160007e-05
303.23203,C05488,M-CO2+H[1+],0.000153533229990899
303.23203,C05497,M-CO2+H[1+],0.000153533229990899
303.23203,C05498,M-CO+H[1+],0.00025353323002264
303.23203,C04742,M-H2O+H[1+],0.00025353323002264
303.23203,C04805,M-H2O+H[1+],0.00025353323002264
303.23203,C14748,M-H2O+H[1+],0.00025353323002264
303.23203,C14749,M-H2O+H[1+],0.00025353323002264
303.23203,C14768,M-H2O+H[1+],0.00025353323002264
303.23203,C14769,M-H2O+H[1+],0.00025353323002264
303.23203,C14770,M-H2O+H[1+],0.00025353323002264
303.23203,C14771,M-H2O+H[1+],0.00025353323002264
303.23203,C14772,M-H4O2+H[1+],0.00025353323002264
303.23203,C14773,M-H4O2+H[1+],0.00025353323002264
303.23203,C14774,M-H4O2+H[1+],0.00025353323002264
303.23203,C14775,M-H4O2+H[1+],0.00025353323002264
303.23203,C14777,M-H2O+H[1+],0.00025353323002264
303.23203,C14778,M-H2O+H[1+],0.00025353323002264
303.23203,C00376,M+H2O+H[1+],0.000153533229990899
303.23203,C02110,M+H2O+H[1+],0.000153533229990899
303.23203,C16681,M+H2O+H[1+],0.000153533229990899
527.15847,C00492,M+Na[1+],0.000193533230003595
527.15847,C05404,M+Na[1+],0.000193533230003595
527.15847,C00721,M+Na[1+],0.000158557229951839
106.04982,C00065,M+H[1+],5.6466769990493e-05
106.04982,C00740,M+H[1+],5.6466769990493e-05
106.04982,C00049,M-CO+H[1+],4.35332300128266e-05
106.04982,C00402,M-CO+H[1+],4.35332300128266e-05
106.04982,C02218,M+H2O+H[1+],5.6466769990493e-05
104.07052,C01205,M+H[1+],5.6466769990493e-05
104.07052,C00334,M+H[1+],5.6466769990493e-05
104.07052,C01026,M+H[1+],5.6466769990493e-05
104.07052,C02356,M+H[1+],5.6466769990493e-05
104.07052,C03284,M+H[1+],5.6466769990493e-05
104.07052,C00025,M-CO2+H[1+],0.000156466769993813
104.07052,C00430,M-CO+H[1+],4.35332300128266e-05
104.07052,C01110,M-CO+H[1+],4.35332300128266e-05
104.07052,C01157,M-CO+H[1+],4.35332300128266e-05
104.07052,C01165,M-CO+H[1+],4.35332300128266e-05
104.07052,C05147,M-CO+H[1+],4.35332300128266e-05
104.07052,C05938,M-CO2+H[1+],0.000156466769993813
104.07052,C00217,M-CO2+H[1+],0.000156466769993813
104.07052,C03440,M-CO+H[1+],4.35332300128266e-05
241.11833,C00449,M-H4O2+H[1+],0.000153533229990899
241.11833,C00272,M[1+],0.000829999999979236
123.04404,C00544,M-HCOOH+H[1+],0.000136466770001675
123.04404,C01161,M-HCOOH+H[1+],0.000136466770001675
123.04404,C05577,M-HCOOH+H[1+],0.000136466770001675
99.04389,C00148,M-NH3+H[1+],0.000186466769989124
99.04389,C00763,M-NH3+H[1+],0.000186466769989124
99.04389,C01801,M-H4O2+H[1+],8.64667699858046e-05
99.04389,C00141,M-H2O+H[1+],8.64667700000155e-05
99.04389,C05576,M-C3H4O2+H[1+],0.000186466769974913
259.12886,C19488,M(S34)+H[1+],0.000583533229985278
259.12886,C19488,M(Cl37)+H[1+],0.000816466770061197
259.12886,C00449,M-H2O+H[1+],8.35332299971014e-05
157.01314,C00158,M-H4O2+H[1+],6.35332299907532e-05
157.01314,C00311,M-H4O2+H[1+],6.35332299907532e-05
157.01314,C00417,M-H2O+H[1+],6.35332299907532e-05
136.07566,C00082,M-HCOOH+H[1+],0.000116466770009538
136.07566,C03758,M-H2O+H[1+],1.64667700062182e-05
86.05997,C01205,M-H2O+H[1+],6.46676998883322e-06
86.05997,C00334,M-H2O+H[1+],6.46676998883322e-06
86.05997,C03912,M-CO+H[1+],6.46676998883322e-06
86.05997,C00430,M-HCOOH+H[1+],0.000106466769977942
86.05997,C01026,M-H2O+H[1+],6.46676998883322e-06
86.05997,C02356,M-H2O+H[1+],6.46676998883322e-06
86.05997,C03284,M-H2O+H[1+],6.46676998883322e-06
86.05997,C01110,M-HCOOH+H[1+],0.000106466769977942
86.05997,C01157,M-HCOOH+H[1+],0.000106466769977942
86.05997,C01165,M-HCOOH+H[1+],0.000106466769977942
86.05997,C03564,M-CO+H[1+],6.46676998883322e-06
86.05997,C04281,M-CO2+H[1+],0.000106466769977942
86.05997,C05147,M-HCOOH+H[1+],0.000106466769977942
86.05997,C02237,M-CO2+H[1+],0.000106466769977942
86.05997,C03440,M-HCOOH+H[1+],0.000106466769977942
86.05997,C04282,M-CO2+H[1+],0.000106466769977942
86.05997,C01879,M-CO2+H[1+],0.000106466769977942
140.0342,C03680,M-NH3+H[1+],7.6466770025263e-05
140.0342,C01042,M-H4O2+H[1+],2.35332299780566e-05
140.0342,C02220,M-H2O+H[1+],2.35332300064783e-05
140.0342,C03722,M-CO+H[1+],2.35332300064783e-05
140.0342,C04409,M-HCOOH+H[1+],7.64667699968413e-05
185.09204,C00526,M-CO2+H[1+],3.64667700125665e-05
111.08043,C01176,M+3H[3+],1.3133436652879e-05
111.08043,C03205,M+3H[3+],1.3133436652879e-05
111.08043,C05498,M+3H[3+],1.3133436652879e-05
175.10771,C00437,M+H[1+],3.35332299812308e-05
171.06278,C00418,M+Na[1+],9.64667700031896e-05
124.07566,C00547,M-HCOOH+H[1+],0.000116466769995327
124.07566,C00250,M-CO2+H[1+],1.64667699920074e-05
124.07566,C00314,M-HCOOH+H[1+],0.000116466769995327
124.07566,C16586,M-C3H4O2+H[1+],1.64667699777965e-05
218.1023,C00357,M-HCOOK+H[1+],2.35332299780566e-05
218.1023,C04257,M-HCOOK+H[1+],2.35332299780566e-05
218.1023,C04501,M-HCOOK+H[1+],2.35332299780566e-05
218.1023,C18060,M-HCOOK+H[1+],2.35332299780566e-05
156.07676,C05504,M(C13)+3H[3+],0.000216866563334861
156.07676,C00135,M+H[1+],1.64667700062182e-05
156.07676,C00881,M-C3H4O2+H[1+],1.64667700062182e-05
156.07676,C03771,M-H2O+H[1+],8.35332299971014e-05
156.07676,C07054,M+H2O+H[1+],1.64667700062182e-05
130.08619,C00047,M-NH3+H[1+],8.64667700284372e-05
130.08619,C00408,M+H[1+],8.64667700284372e-05
130.08619,C05936,M+H[1+],8.64667700284372e-05
184.09679,C00788,M+H[1+],1.35332300033042e-05
184.09679,C05589,M+H[1+],1.35332300033042e-05
184.09679,C05490,M+H+Na[2+],0.000886466769998151
184.09679,C00079,M+H2O+H[1+],8.64667700284372e-05
184.09679,C00864,M-H4O2+H[1+],1.35332299748825e-05
99.04395,C00148,M-NH3+H[1+],0.000126466769998501
99.04395,C00763,M-NH3+H[1+],0.000126466769998501
99.04395,C01801,M-H4O2+H[1+],2.64667699951815e-05
99.04395,C00141,M-H2O+H[1+],2.64667700093923e-05
99.04395,C05576,M-C3H4O2+H[1+],0.00012646676998429
183.08631,C00794,M+H[1+],3.35332299812308e-05
183.08631,C01697,M+H[1+],3.35332299812308e-05
183.08631,C01019,M+H2O+H[1+],6.64667700220889e-05
183.08631,C05401,M-C3H4O2+H[1+],6.64667699936672e-05
183.08631,C02076,M-CO+H[1+],3.35332299812308e-05
243.08631,C00475,M[1+],0.00081000000000131
138.05496,C00108,M+H[1+],1.64667700062182e-05
138.05496,C05653,M-CO+H[1+],8.35332299971014e-05
138.05496,C00847,M-HCOOH+H[1+],0.000116466770009538
138.05496,C16591,M-C3H4O2+H[1+],1.64667700346399e-05
188.09175,C00547,M+H2O+H[1+],2.64667700378141e-05
188.09175,C00314,M+H2O+H[1+],2.64667700378141e-05
191.08147,C16453,M-NH3+H[1+],0.000106466770006364
191.08147,C00328,M-H2O+H[1+],6.46677000304408e-06
191.08147,C02700,M-HCOOH+H[1+],0.000106466770006364
191.08147,C05647,M-H2O+H[1+],6.46677000304408e-06
191.08147,C00931,M-H4O2+H[1+],6.46677003146578e-06
182.08117,C00082,M+H[1+],6.46677003146578e-06
182.08117,C16591,M-CO+H[1+],9.35332299718539e-05
147.07638,C00064,M+H[1+],3.53323000013006e-06
147.07638,C21029,M+H[1+],3.53323000013006e-06
147.07638,C00819,M+H[1+],3.53323000013006e-06
147.07638,C21028,M+H2O+H[1+],9.64667700316113e-05
147.07638,C00439,M-CO+H[1+],3.53323000013006e-06
315.12875,C00089,M-CO+H[1+],0.000273533230028988
315.12875,C00243,M-CO+H[1+],0.000273533230028988
315.12875,C01235,M-CO+H[1+],0.000273533230028988
315.12875,C05400,M-CO+H[1+],0.000273533230028988
315.12875,C05402,M-CO+H[1+],0.000273533230028988
315.12875,C00208,M-CO+H[1+],0.000273533230028988
315.12875,C00252,M-CO+H[1+],0.000273533230028988
315.12875,C01083,M-CO+H[1+],0.000273533230028988
133.08002,C00300,M(C13)+H[1+],0.000156466770022234
188.09174,C00547,M+H2O+H[1+],3.64667700409882e-05
188.09174,C00314,M+H2O+H[1+],3.64667700409882e-05
220.0819,C00835,M-H2O+H[1+],0.000976466769998297
220.0819,C03684,M-H2O+H[1+],0.000976466769998297
220.0819,C04874,M-H4O2+H[1+],0.000976466770026718
148.09676,C00408,M+H2O+H[1+],0.00011646677003796
148.09676,C05936,M+H2O+H[1+],0.00011646677003796
148.09676,C00864,M-C3H4O2+H[1+],0.00011646677003796
75.04401,C00937,M+H[1+],6.64667699936672e-05
75.04401,C00163,M+H[1+],6.64667699936672e-05
75.04401,C00042,M-CO2+H[1+],6.64667699936672e-05
75.04401,C00116,M-H2O+H[1+],3.35332299954416e-05
75.04401,C02170,M-CO2+H[1+],6.64667699936672e-05
75.04401,C00232,M-CO+H[1+],3.35332300096525e-05
75.04401,C00109,M-CO+H[1+],3.35332300096525e-05
75.04401,C00164,M-CO+H[1+],3.35332300096525e-05
75.04401,C00349,M-CO+H[1+],3.35332300096525e-05
75.04401,C06002,M-CO+H[1+],3.35332300096525e-05
75.04401,C00418,M+2H[2+],6.64667699936672e-05
113.02331,C04281,M-NH3+H[1+],6.64667699936672e-05
113.02331,C02237,M-NH3+H[1+],6.64667699936672e-05
113.02331,C04282,M-NH3+H[1+],6.64667699936672e-05
113.02331,C01879,M-NH3+H[1+],6.64667699936672e-05
113.02331,C02266,M-H4O2+H[1+],3.35332299812308e-05
113.02331,C05580,M-C3H4O2+H[1+],6.6466770007878e-05
113.02331,C02630,M-H4O2+H[1+],3.35332299812308e-05
113.02331,C01185,M+3H[3+],9.98001033423179e-05
127.08657,C16741,M-H4O2+H[1+],9.35332299860647e-05
106.04983,C00065,M+H[1+],4.64667699873189e-05
106.04983,C00740,M+H[1+],4.64667699873189e-05
106.04983,C00049,M-CO+H[1+],5.35332300160007e-05
106.04983,C00402,M-CO+H[1+],5.35332300160007e-05
106.04983,C02218,M+H2O+H[1+],4.64667699873189e-05
237.12332,C00978,M+H2O+H[1+],5.64667700189148e-05
237.12332,C05642,M-CO+H[1+],4.35332300128266e-05
125.02332,C03824,M-NH3+H[1+],5.6466769990493e-05
125.02332,C00322,M-H4O2+H[1+],4.35332299844049e-05
72.04432,C00099,M-H2O+H[1+],5.64667700047039e-05
72.04432,C00041,M-H2O+H[1+],5.64667700047039e-05
72.04432,C00213,M-H2O+H[1+],5.64667700047039e-05
72.04432,C03508,M-HCOOH+H[1+],0.000156466769979602
120.06553,C00188,M+H[1+],5.35332300017899e-05
120.06553,C05519,M+H[1+],5.35332300017899e-05
120.06553,C00025,M-CO+H[1+],5.35332300017899e-05
120.06553,C05938,M-CO+H[1+],5.35332300017899e-05
120.06553,C05947,M-CO2+H[1+],4.64667700015298e-05
120.06553,C00217,M-CO+H[1+],5.35332300017899e-05
117.1022,C16741,M-HCOOH+H[1+],7.64667699968413e-05
151.06143,C00073,M(C13)+H[1+],0.000246466769993958
151.06143,C16356,M-HCOOH+H[1+],4.64667699873189e-05
151.06143,C16360,M-HCOOH+H[1+],4.64667699873189e-05
217.08178,C00299,M-CO+H[1+],3.53323000013006e-06
271.12887,C00921,M-CO2+H[1+],0.00130646677001778
212.05535,C00526,M-NH3+H[1+],2.64667700093923e-05
212.05535,C01693,M+H2O+H[1+],2.64667700093923e-05
212.05535,C04185,M+H2O+H[1+],2.64667700093923e-05
176.09168,C01132,M-HCOOH+H[1+],9.64667700031896e-05
176.09168,C00352,M-HCOOK+H[1+],3.53322997170835e-06
176.09168,C00140,M-HCOOH+H[1+],9.64667700031896e-05
176.09168,C00645,M-HCOOH+H[1+],9.64667700031896e-05
405.22556,C05503,M-CO2+H[1+],0.00161646677003091
405.22556,C02165,M+HCOONa[1+],0.000783533229991917
405.22556,C05356,M+HCOONa[1+],0.000783533229991917
405.22556,C05965,M+HCOONa[1+],0.000783533229991917
405.22556,C05966,M+HCOONa[1+],0.000783533229991917
405.22556,C14781,M+HCOONa[1+],0.000783533229991917
405.22556,C14808,M+HCOONa[1+],0.000783533229991917
405.22556,C14810,M+HCOONa[1+],0.000783533229991917
405.22556,C14812,M+HCOONa[1+],0.000783533229991917
405.22556,C14813,M+HCOONa[1+],0.000783533229991917
405.22556,C14823,M+HCOONa[1+],0.000783533229991917
405.22556,C11061,M-C3H4O2+H[1+],0.00161646677003091
200.103,C00475,M-CO2+H[1+],2.35332300064783e-05
200.103,C00881,M-CO+H[1+],0.000123533230009798
109.10115,C06423,M-H4O2+H[1+],7.35332299939273e-05
84.08074,C00408,M-HCOOH+H[1+],0.000136466769987464
84.08074,C00450,M-CO2+H[1+],3.64667699841448e-05
84.08074,C05936,M-HCOOH+H[1+],0.000136466769987464
180.08665,C00329,M+H[1+],2.64667700093923e-05
180.08665,C00956,M+H2O+H[1+],2.64667700378141e-05
187.05772,C01019,M+Na[1+],5.64667700189148e-05
187.05772,C02538,M+H+Na[2+],4.35332299559832e-05
187.05772,C05699,M-HCOOK+H[1+],0.000156466770050656
85.02838,C00074,M-HCOOK+H[1+],3.53322998591921e-06
85.02838,C00544,M+2H[2+],4.64667700015298e-05
85.02838,C00232,M-H2O+H[1+],3.53323000013006e-06
85.02838,C00109,M-H2O+H[1+],3.53323000013006e-06
85.02838,C00164,M-H2O+H[1+],3.53323000013006e-06
85.02838,C00349,M-H2O+H[1+],3.53323000013006e-06
85.02838,C06002,M-H2O+H[1+],3.53323000013006e-06
85.02838,C01161,M+2H[2+],4.64667700015298e-05
85.02838,C05577,M+2H[2+],4.64667700015298e-05
124.11207,C05587,M-CO2+H[1+],6.46677000304408e-06
147.04405,C00672,M-HCOONa+H[1+],2.64667700378141e-05
147.04405,C00673,M-HCOONa+H[1+],2.64667700378141e-05
147.04405,C05582,M-H4O2+H[1+],7.35332299939273e-05
147.04405,C05583,M-H4O2+H[1+],7.35332299939273e-05
147.04405,C00166,M-H2O+H[1+],7.35332299939273e-05
147.04405,C02763,M-H2O+H[1+],7.35332299939273e-05
164.0917,C04076,M+H2O+H[1+],7.6466770025263e-05
164.0917,C02946,M+H2O+H[1+],7.6466770025263e-05
95.06032,C00388,M-NH3+H[1+],5.6466769990493e-05
95.06032,C00785,M-CO2+H[1+],5.6466769990493e-05
95.06032,C05828,M-HCOOH+H[1+],0.000156466769993813
95.06032,C00153,M-CO+H[1+],4.35332300128266e-05
161.09203,C21015,M-C3H4O2+H[1+],4.64667699873189e-05
175.10772,C00437,M+H[1+],4.35332299844049e-05
227.10268,C00931,M+H[1+],3.53322997170835e-06
227.10268,C00328,M+H2O+H[1+],3.53322997170835e-06
227.10268,C05647,M+H2O+H[1+],3.53322997170835e-06
227.10268,C16582,M-CO+H[1+],0.000103533229975028
227.10268,C16584,M-CO+H[1+],0.000103533229975028
152.08184,C01152,M-H2O+H[1+],6.35332299907532e-05
152.08184,C19563,M-C3H4O2+H[1+],3.64667699841448e-05
152.08184,C19566,M-C3H4O2+H[1+],3.64667699841448e-05
152.08184,C07585,M-CO+H[1+],6.35332299907532e-05
189.10225,C05841,M-HCOONa+H[1+],0.000273533229943723
260.08772,C16612,M-H4O2+H[1+],0.000743533229979221
130.08623,C00047,M-NH3+H[1+],4.64667700157406e-05
130.08623,C00408,M+H[1+],4.64667700157406e-05
130.08623,C05936,M+H[1+],4.64667700157406e-05
271.08124,C20934,M(S34)+H[1+],0.00123646677002398
120.06545,C00188,M+H[1+],2.64667699951815e-05
120.06545,C05519,M+H[1+],2.64667699951815e-05
120.06545,C00025,M-CO+H[1+],2.64667699951815e-05
120.06545,C05938,M-CO+H[1+],2.64667699951815e-05
120.06545,C05947,M-CO2+H[1+],0.000126466769998501
120.06545,C00217,M-CO+H[1+],2.64667699951815e-05
341.1709,C00951,M+HCOONa[1+],0.00137646676995473
116.07066,C00077,M-NH3+H[1+],1.64667699920074e-05
116.07066,C00148,M+H[1+],8.35332300113123e-05
116.07066,C00763,M+H[1+],8.35332300113123e-05
116.07066,C00515,M-NH3+H[1+],1.64667699920074e-05
116.07066,C00956,M-HCOOH+H[1+],1.64667699920074e-05
273.18488,C00951,M+H[1+],3.53323002855177e-06
273.18488,C05285,M-CO+H[1+],0.00010353323000345
273.18488,C05297,M-CO+H[1+],0.00010353323000345
273.18488,C05299,M-CO+H[1+],0.00010353323000345
273.18488,C05490,M-C3H4O2+H[1+],9.64667700031896e-05
154.0863,C03758,M+H[1+],2.35332299780566e-05
154.0863,C00082,M-CO+H[1+],0.000123533229981376
154.0863,C00355,M-CO2+H[1+],2.35332299780566e-05
114.09128,C02714,M-NH3+H[1+],9.64667700031896e-05
114.09128,C00123,M-H2O+H[1+],3.53322998591921e-06
114.09128,C00407,M-H2O+H[1+],3.53322998591921e-06
216.06312,C01233,M+H[1+],5.64667700189148e-05
216.06312,C00352,M-CO2+H[1+],5.64667700189148e-05
216.06312,C00123,M+HCOOK[1+],5.64667700189148e-05
216.06312,C00407,M+HCOOK[1+],5.64667700189148e-05
216.06312,C05598,M+Na[1+],5.64667700189148e-05
216.06312,C16587,M+Na[1+],5.64667700189148e-05
216.06312,C16595,M+Na[1+],5.64667700189148e-05
147.06514,C00117,M-HCOOK+H[1+],3.64667700125665e-05
147.06514,C00199,M-HCOOK+H[1+],3.64667700125665e-05
147.06514,C00231,M-HCOOK+H[1+],3.64667700125665e-05
147.06514,C00620,M-HCOOK+H[1+],3.64667700125665e-05
147.06514,C00794,M-H4O2+H[1+],6.35332299907532e-05
147.06514,C01019,M-H2O+H[1+],3.64667699841448e-05
147.06514,C01697,M-H4O2+H[1+],6.35332299907532e-05
170.09235,C01152,M+H[1+],2.64667700093923e-05
277.08952,C05401,M+Na[1+],4.35332299844049e-05
198.08732,C00475,M-HCOOH+H[1+],5.6466769990493e-05
198.08732,C07585,M+H2O+H[1+],5.64667700189148e-05
169.08589,C06459,M+H[1+],0.000386466770009974
169.08589,C01149,M+K[1+],8.64667700000155e-05
169.08589,C01152,M[1+],0.000789999999994961
156.07671,C05504,M(C13)+3H[3+],0.00016686656331899
156.07671,C00135,M+H[1+],6.64667700220889e-05
156.07671,C00881,M-C3H4O2+H[1+],6.64667700220889e-05
156.07671,C03771,M-H2O+H[1+],3.35332299812308e-05
156.07671,C07054,M+H2O+H[1+],6.64667700220889e-05
127.03895,C00628,M-CO+H[1+],7.35332300081382e-05
127.03895,C05584,M-C3H4O2+H[1+],2.64667699809706e-05
151.08655,C00534,M-H2O+H[1+],2.64667700093923e-05
129.10222,C00437,M-HCOOH+H[1+],5.64667700189148e-05
129.10222,C00047,M-H2O+H[1+],4.35332299844049e-05
301.15078,C05399,M-CO2+H[1+],0.00140353323001818
229.12953,C05340,M-NH3+H[1+],4.64667700157406e-05
186.11253,C05478,M+H+Na[2+],0.000796466769998005
186.11253,C05487,M+H+Na[2+],0.000796466769998005
186.11253,C05587,M+H2O+H[1+],5.35332299591573e-05
115.08653,C00077,M-H2O+H[1+],4.64667700015298e-05
115.08653,C00515,M-H2O+H[1+],4.64667700015298e-05
197.09211,C00214,M-HCOOH+H[1+],6.64667700220889e-05
197.09211,C21015,M-H4O2+H[1+],0.00013353322998455
197.09211,C03227,M-CO+H[1+],0.00013353322998455
197.09211,C05651,M-CO+H[1+],0.00013353322998455
233.14956,C00449,M-CO2+H[1+],1.64667699777965e-05
128.07059,C00450,M+H[1+],1.35332300033042e-05
128.07059,C04076,M-H2O+H[1+],1.35332300033042e-05
128.07059,C02946,M-H2O+H[1+],1.35332300033042e-05
112.07568,C00408,M-H2O+H[1+],3.53323000013006e-06
112.07568,C05936,M-H2O+H[1+],3.53323000013006e-06
112.07568,C00788,M-C3H4O2+H[1+],3.53323002855177e-06
112.07568,C05589,M-C3H4O2+H[1+],3.53323002855177e-06
266.12339,C00270,M-CO2+H[1+],8.64667700284372e-05
349.11076,C16608,M+K[1+],0.000116466770009538
349.14971,C00255,M-CO+H[1+],0.000866466769991803
242.11369,C19563,M+H2O+H[1+],0.000113533229978202
242.11369,C19566,M+H2O+H[1+],0.000113533229978202
333.11581,C02538,M-H2O+H[1+],0.00033353322999119
365.10581,C00089,M+Na[1+],0.00033353322999119
365.10581,C00243,M+Na[1+],0.00033353322999119
365.10581,C01235,M+Na[1+],0.00033353322999119
365.10581,C05400,M+Na[1+],0.00033353322999119
365.10581,C05402,M+Na[1+],0.00033353322999119
365.10581,C00208,M+Na[1+],0.00033353322999119
365.10581,C00252,M+Na[1+],0.00033353322999119
365.10581,C01083,M+Na[1+],0.00033353322999119
319.2017,C01595,M+K[1+],0.00127646676997983
266.12344,C00270,M-CO2+H[1+],3.64667699841448e-05
243.0863,C00475,M[1+],0.000799999999998136
111.05526,C05130,M+H[1+],1.64667699920074e-05
111.05526,C00064,M-H4O2+H[1+],8.35332300113123e-05
111.05526,C21028,M-H2O+H[1+],1.64667700062182e-05
111.05526,C21029,M-H4O2+H[1+],8.35332300113123e-05
111.05526,C00785,M-CO+H[1+],8.35332300113123e-05
111.05526,C03680,M-HCOOH+H[1+],0.000116466769995327
111.05526,C00819,M-H4O2+H[1+],8.35332300113123e-05
216.12306,C05588,M+H2O+H[1+],1.64667700062182e-05
216.12306,C03492,M-HCOOK+H[1+],8.35332299971014e-05
134.07125,C01152,M-H4O2+H[1+],7.35332299655056e-05
134.07125,C07585,M-HCOOH+H[1+],0.000126466770012712
126.05492,C00956,M-H4O2+H[1+],4.35332299844049e-05
126.05492,C00355,M-C3H4O2+H[1+],5.64667700047039e-05
126.05492,C00632,M-CO+H[1+],4.35332300128266e-05
228.09778,C00881,M+H[1+],9.64667700031896e-05
164.09172,C04076,M+H2O+H[1+],5.64667700189148e-05
164.09172,C02946,M+H2O+H[1+],5.64667700189148e-05
154.04994,C00632,M+H[1+],6.35332299907532e-05
154.04994,C00624,M-H4O2+H[1+],0.000163533229965651
132.10199,C00123,M+H[1+],0.000113533229978202
132.10199,C00407,M+H[1+],0.000113533229978202
132.10199,C01233,M-HCOOK+H[1+],0.000113533229978202
267.13397,C05643,M+H2O+H[1+],6.46677000304408e-06
259.12885,C19488,M(S34)+H[1+],0.000573533230010526
259.12885,C19488,M(Cl37)+H[1+],0.00082646677003595
259.12885,C00449,M-H2O+H[1+],7.3533230022349e-05
300.28983,C00319,M+H[1+],0.000153533229990899
300.28983,C02934,M+H[1+],0.000153533229990899
300.28983,C12144,M-H2O+H[1+],0.000153533229990899
233.06359,C01019,M+HCOONa[1+],0.000413533229988161
233.06359,C16361,M+Na[1+],0.000986466770001471
233.06359,C02076,M+Na[1+],0.000313533229984841
137.08216,C07480,M-CO2+H[1+],1.64667700062182e-05
137.08216,C13747,M-CO2+H[1+],1.64667700062182e-05
137.08216,C16560,M+H+Na[2+],0.000166466770025409
215.09268,C01149,M+HCOOK[1+],0.000903533230001585
113.05971,C00408,M-NH3+H[1+],6.6466770007878e-05
113.05971,C05936,M-NH3+H[1+],6.6466770007878e-05
113.05971,C00233,M-H2O+H[1+],3.35332300096525e-05
113.05971,C00671,M-H2O+H[1+],3.35332300096525e-05
113.05971,C05594,M-C3H4O2+H[1+],6.64667699936672e-05
113.05971,C00588,M-C3H4O2+H[1+],0.000366466770003626
113.05971,C00418,M-H4O2+H[1+],3.35332299954416e-05
255.10824,C05401,M+H[1+],0.000763533229985569
255.10824,C03406,M-H4O2+H[1+],0.000436466769997423
255.10824,C04677,M-HCOOK+H[1+],0.000536466770000743
160.06039,C03824,M+H2O+H[1+],8.64667700000155e-05
160.06039,C02918,M+Na[1+],0.000386466769981553
140.07062,C00250,M-CO+H[1+],0.000143533229987725
140.07062,C00847,M-CO2+H[1+],5.64667700189148e-05
130.04985,C00064,M-NH3+H[1+],2.64667700093923e-05
130.04985,C21029,M-NH3+H[1+],2.64667700093923e-05
130.04985,C04281,M+H[1+],2.64667700093923e-05
130.04985,C00819,M-NH3+H[1+],2.64667700093923e-05
130.04985,C02237,M+H[1+],2.64667700093923e-05
130.04985,C04282,M+H[1+],2.64667700093923e-05
130.04985,C01879,M+H[1+],2.64667700093923e-05
130.04985,C00025,M-H2O+H[1+],2.64667700093923e-05
130.04985,C01042,M-HCOOH+H[1+],0.000126466770012712
130.04985,C05938,M-H2O+H[1+],2.64667700093923e-05
130.04985,C02220,M-CO+H[1+],7.35332299939273e-05
130.04985,C00217,M-H2O+H[1+],2.64667700093923e-05
263.14246,C19490,M-CO+H[1+],0.000516466769965973
263.14246,C19559,M-CO2+H[1+],0.000616466769997714
263.14246,C19607,M-CO+H[1+],0.000516466769965973
186.0584,C00847,M(Cl37)+H[1+],0.000723533230001294
243.09755,C00214,M+H[1+],2.64667700093923e-05
243.09755,C03227,M+H2O+H[1+],2.64667700093923e-05
243.09755,C05651,M+H2O+H[1+],2.64667700093923e-05
351.21653,C04707,M+H[1+],4.64667700157406e-05
351.21653,C05956,M-H2O+H[1+],4.64667700157406e-05
339.19169,C16677,M+Na[1+],0.00138646676998633
339.19169,C16679,M+Na[1+],0.00138646676998633
339.19169,C16680,M+Na[1+],0.00138646676998633
112.07562,C00408,M-H2O+H[1+],5.64667700047039e-05
112.07562,C05936,M-H2O+H[1+],5.64667700047039e-05
112.07562,C00788,M-C3H4O2+H[1+],5.64667699762822e-05
112.07562,C05589,M-C3H4O2+H[1+],5.64667699762822e-05
114.05492,C03912,M+H[1+],5.64667700047039e-05
114.05492,C03564,M+H[1+],5.64667700047039e-05
114.05492,C00430,M-H2O+H[1+],4.35332299986158e-05
114.05492,C01110,M-H2O+H[1+],4.35332299986158e-05
114.05492,C01157,M-H2O+H[1+],4.35332299986158e-05
114.05492,C01165,M-H2O+H[1+],4.35332299986158e-05
114.05492,C05147,M-H2O+H[1+],4.35332299986158e-05
114.05492,C02220,M-CO2+H[1+],5.6466769990493e-05
114.05492,C03824,M-CO+H[1+],4.35332300128266e-05
114.05492,C03440,M-H2O+H[1+],4.35332299986158e-05
114.05492,C00931,M+2H[2+],5.64667700047039e-05
124.03929,C05828,M-NH3+H[1+],8.64667700142263e-05
124.03929,C00253,M+H[1+],1.35332300033042e-05
124.03929,C07446,M+H[1+],1.35332300033042e-05
124.03929,C00822,M-C3H4O2+H[1+],8.64667700000155e-05
124.03929,C03722,M-CO2+H[1+],8.64667699858046e-05
124.03929,C03824,M-H2O+H[1+],1.35332300033042e-05
124.03929,C11736,M+2H[2+],0.000586466770002403
124.03929,C12739,M+2H[2+],0.000586466770002403
168.11299,C04717,M+H+Na[2+],0.000336466769994104
154.0862,C03758,M+H[1+],7.6466770025263e-05
154.0862,C00082,M-CO+H[1+],2.35332299780566e-05
154.0862,C00355,M-CO2+H[1+],7.6466770025263e-05
189.12339,C21015,M-CO2+H[1+],1.35332300033042e-05
90.05494,C00099,M+H[1+],3.64667699983556e-05
90.05494,C00041,M+H[1+],3.64667699983556e-05
90.05494,C00213,M+H[1+],3.64667699983556e-05
90.05494,C00049,M-CO2+H[1+],3.64667699841448e-05
90.05494,C00402,M-CO2+H[1+],3.64667699841448e-05
90.05494,C03508,M-CO+H[1+],6.35332300191749e-05
90.05494,C00956,M-C3H4O2+H[1+],3.64667699983556e-05
169.09472,C00047,M+Na[1+],5.64667700189148e-05
355.15022,C05298,M+HCOONa[1+],0.00135646677000523
355.15022,C05300,M+HCOONa[1+],0.00135646677000523
141.06583,C05828,M+H[1+],4.64667700157406e-05
141.06583,C00153,M+H2O+H[1+],4.64667700157406e-05
176.09189,C01132,M-HCOOH+H[1+],0.000113533230006624
176.09189,C00352,M-HCOOK+H[1+],0.000213533229981522
176.09189,C00140,M-HCOOH+H[1+],0.000113533230006624
176.09189,C00645,M-HCOOH+H[1+],0.000113533230006624
264.10915,C00020,M-HCOOK+H[1+],7.35332299655056e-05
264.10915,C00362,M-HCOOK+H[1+],7.35332299655056e-05
264.10915,C00270,M-HCOOH+H[1+],0.00127353323000534
124.03927,C05828,M-NH3+H[1+],0.000106466770006364
124.03927,C00253,M+H[1+],6.46676998883322e-06
124.03927,C07446,M+H[1+],6.46676998883322e-06
124.03927,C00822,M-C3H4O2+H[1+],0.000106466769992153
124.03927,C03722,M-CO2+H[1+],0.000106466769977942
124.03927,C03824,M-H2O+H[1+],6.46676998883322e-06
124.03927,C11736,M+2H[2+],0.00060646676999454
124.03927,C12739,M+2H[2+],0.00060646676999454
184.06042,C00847,M+H[1+],5.64667700189148e-05
184.06042,C05127,M+NaCl[1+],0.000756466770013731
184.06042,C05653,M+H2O+H[1+],5.64667700189148e-05
310.11339,C00270,M+H[1+],0.000113533229978202
310.11339,C00272,M+HCOONa[1+],0.0012135332299863
323.16031,C05285,M+Na[1+],0.00146646677001172
323.16031,C05297,M+Na[1+],0.00146646677001172
323.16031,C05299,M+Na[1+],0.00146646677001172
259.15401,C05122,M(C13)+2H[2+],0.000816466770004354
124.03931,C05828,M-NH3+H[1+],6.6466770007878e-05
124.03931,C00253,M+H[1+],3.35332300096525e-05
124.03931,C07446,M+H[1+],3.35332300096525e-05
124.03931,C00822,M-C3H4O2+H[1+],6.64667699936672e-05
124.03931,C03722,M-CO2+H[1+],6.64667699794563e-05
124.03931,C03824,M-H2O+H[1+],3.35332300096525e-05
124.03931,C11736,M+2H[2+],0.000566466769996055
124.03931,C12739,M+2H[2+],0.000566466769996055
126.09134,C00547,M-CO2+H[1+],3.64667699983556e-05
126.09134,C03758,M-CO+H[1+],6.3533230004964e-05
126.09134,C05588,M-C3H4O2+H[1+],3.64667699841448e-05
126.09134,C00314,M-CO2+H[1+],3.64667699983556e-05
126.09134,C16560,M+2H[2+],1.35332300033042e-05
130.04984,C00064,M-NH3+H[1+],3.64667700125665e-05
130.04984,C21029,M-NH3+H[1+],3.64667700125665e-05
130.04984,C04281,M+H[1+],3.64667700125665e-05
130.04984,C00819,M-NH3+H[1+],3.64667700125665e-05
130.04984,C02237,M+H[1+],3.64667700125665e-05
130.04984,C04282,M+H[1+],3.64667700125665e-05
130.04984,C01879,M+H[1+],3.64667700125665e-05
130.04984,C00025,M-H2O+H[1+],3.64667700125665e-05
130.04984,C01042,M-HCOOH+H[1+],0.000136466770015886
130.04984,C05938,M-H2O+H[1+],3.64667700125665e-05
130.04984,C02220,M-CO+H[1+],6.35332299907532e-05
130.04984,C00217,M-H2O+H[1+],3.64667700125665e-05
158.04478,C00439,M-NH3+H[1+],9.64667700031896e-05
158.04478,C02220,M+H[1+],3.53323000013006e-06
158.04478,C02350,M[1+],0.000779999999991787
158.04478,C01042,M-H2O+H[1+],3.53323000013006e-06
158.04478,C04409,M-CO+H[1+],0.00010353323000345
168.06549,C00250,M+H[1+],1.35332300033042e-05
168.06549,C00822,M-CO+H[1+],1.35332300033042e-05
168.06549,C05578,M+H2O+H[1+],8.64667700000155e-05
268.10392,C00212,M+H[1+],0.000156466769965391
268.10392,C00330,M+H[1+],0.000156466769965391
216.0979,C00475,M-CO+H[1+],0.000123533230009798
138.06619,C07054,M+H[1+],1.35332300033042e-05
138.06619,C03771,M-H4O2+H[1+],0.000113533229978202
138.06619,C00135,M-H2O+H[1+],1.35332300033042e-05
145.09717,C16741,M-H2O+H[1+],9.35332300002756e-05
100.07564,C00719,M-H2O+H[1+],3.64667699841448e-05
100.07564,C00183,M-H2O+H[1+],3.64667699841448e-05
100.07564,C04076,M-HCOOH+H[1+],0.000136466769987464
100.07564,C00450,M-CO+H[1+],6.35332300191749e-05
100.07564,C02946,M-HCOOH+H[1+],0.000136466769987464
84.08064,C00408,M-HCOOH+H[1+],0.000236466769990784
84.08064,C00450,M-CO2+H[1+],0.000136466769987464
84.08064,C05936,M-HCOOH+H[1+],0.000236466769990784
275.12377,C19489,M(S34)+H[1+],0.000593533230016874
275.12377,C19489,M(Cl37)+H[1+],0.000806466770029601
275.12377,C19561,M(S34)+H[1+],0.000593533230016874
275.12377,C19561,M(Cl37)+H[1+],0.000806466770029601
275.12377,C19604,M(S34)+H[1+],0.000593533230016874
275.12377,C19604,M(Cl37)+H[1+],0.000806466770029601
121.06476,C00483,M-NH3+H[1+],0.000116466769995327
121.06476,C00601,M+H[1+],1.64667699920074e-05
121.06476,C05581,M-HCOOH+H[1+],0.000116466769966905
121.06476,C00166,M-CO2+H[1+],1.64667699920074e-05
121.06476,C02763,M-CO2+H[1+],1.64667699920074e-05
325.17595,C05140,M+Na[1+],0.00152646677003077
325.17595,C05284,M+Na[1+],0.00152646677003077
325.17595,C05290,M+Na[1+],0.00152646677003077
325.17595,C05295,M+Na[1+],0.00152646677003077
325.17595,C05302,M+Na[1+],0.00152646677003077
105.03687,C01180,M-CO2+H[1+],6.46676998883322e-06
97.06478,C06459,M-C3H4O2+H[1+],0.000396466769998938
97.06478,C05141,M+3H[3+],3.53323000013006e-06
97.06478,C05301,M+3H[3+],3.53323000013006e-06
176.12802,C00864,M-CO2+H[1+],0.000156466770022234
130.96642,C14857,M+H2O+H[1+],0.000243533229991044
130.96642,C14858,M+H2O+H[1+],0.000243533229991044
130.96642,C14859,M+H2O+H[1+],0.000243533229991044
222.09717,C01132,M+H[1+],6.46677000304408e-06
222.09717,C00140,M+H[1+],6.46677000304408e-06
222.09717,C00645,M+H[1+],6.46677000304408e-06
330.11849,C05340,M+HCOOK[1+],0.0011135332300114
210.07605,C00931,M-NH3+H[1+],0.000126466770012712
210.07605,C16591,M+H[1+],2.64667700093923e-05
210.07605,C16361,M[1+],0.000750000000010687
210.07605,C05635,M+H2O+H[1+],2.64667700093923e-05
210.07605,C16596,M+H2O+H[1+],2.64667700093923e-05
127.03894,C00628,M-CO+H[1+],6.3533230004964e-05
127.03894,C05584,M-C3H4O2+H[1+],3.64667699841448e-05
218.10232,C00357,M-HCOOK+H[1+],4.35332299559832e-05
218.10232,C04257,M-HCOOK+H[1+],4.35332299559832e-05
218.10232,C04501,M-HCOOK+H[1+],4.35332299559832e-05
218.10232,C18060,M-HCOOK+H[1+],4.35332299559832e-05
130.04987,C00064,M-NH3+H[1+],6.46677000304408e-06
130.04987,C21029,M-NH3+H[1+],6.46677000304408e-06
130.04987,C04281,M+H[1+],6.46677000304408e-06
130.04987,C00819,M-NH3+H[1+],6.46677000304408e-06
130.04987,C02237,M+H[1+],6.46677000304408e-06
130.04987,C04282,M+H[1+],6.46677000304408e-06
130.04987,C01879,M+H[1+],6.46677000304408e-06
130.04987,C00025,M-H2O+H[1+],6.46677000304408e-06
130.04987,C01042,M-HCOOH+H[1+],0.000106466770006364
130.04987,C05938,M-H2O+H[1+],6.46677000304408e-06
130.04987,C02220,M-CO+H[1+],9.35332300002756e-05
130.04987,C00217,M-H2O+H[1+],6.46677000304408e-06
212.09177,C05598,M+H2O+H[1+],6.46677003146578e-06
212.09177,C16587,M+H2O+H[1+],6.46677003146578e-06
212.09177,C16595,M+H2O+H[1+],6.46677003146578e-06
273.11939,C05399,M-C3H4O2+H[1+],0.00131353323001804
273.11939,C05401,M+H2O+H[1+],0.00131353323001804
273.11939,C03406,M-H2O+H[1+],0.000113533230035046
211.10774,C16582,M-CO2+H[1+],3.64667700125665e-05
211.10774,C16584,M-CO2+H[1+],3.64667700125665e-05
211.10774,C07501,M-CO+H[1+],6.35332299907532e-05
212.09175,C05598,M+H2O+H[1+],2.64667700378141e-05
212.09175,C16587,M+H2O+H[1+],2.64667700378141e-05
212.09175,C16595,M+H2O+H[1+],2.64667700378141e-05
71.06032,C16622,M-HCOOH+H[1+],0.000156466769993813
71.06032,C00429,M-CO2+H[1+],5.6466769990493e-05
261.10815,C00214,M+H2O+H[1+],2.64667700093923e-05
261.10815,C12270,M-CO2+H[1+],2.64667700093923e-05
96.04454,C00250,M-C3H4O2+H[1+],0.000163533230008284
96.04454,C03912,M-H2O+H[1+],0.000163533229994073
96.04454,C00430,M-H4O2+H[1+],0.000263533229997392
96.04454,C01110,M-H4O2+H[1+],0.000263533229997392
96.04454,C01157,M-H4O2+H[1+],0.000263533229997392
96.04454,C01165,M-H4O2+H[1+],0.000263533229997392
96.04454,C03564,M-H2O+H[1+],0.000163533229994073
96.04454,C05147,M-H4O2+H[1+],0.000263533229997392
96.04454,C03824,M-HCOOH+H[1+],6.35332300191749e-05
96.04454,C03440,M-H4O2+H[1+],0.000263533229997392
96.04454,C00253,M-CO+H[1+],0.000263533230011603
96.04454,C07446,M-CO+H[1+],0.000263533230011603
133.03176,C00073,M-NH3+H[1+],1.64667700062182e-05
133.03176,C03366,M+H+Na[2+],8.35332299686797e-05
154.07233,C00147,M+H2O+H[1+],4.64667700157406e-05
247.05774,C05382,M-CO2+H[1+],3.64667700125665e-05
247.05774,C01107,M+H2O+H[1+],3.64667700125665e-05
156.07672,C05504,M(C13)+3H[3+],0.000176866563322164
156.07672,C00135,M+H[1+],5.64667700189148e-05
156.07672,C00881,M-C3H4O2+H[1+],5.64667700189148e-05
156.07672,C03771,M-H2O+H[1+],4.35332299844049e-05
156.07672,C07054,M+H2O+H[1+],5.64667700189148e-05
297.11818,C00089,M-HCOOH+H[1+],0.00010353323000345
297.11818,C00243,M-HCOOH+H[1+],0.00010353323000345
297.11818,C01235,M-HCOOH+H[1+],0.00010353323000345
297.11818,C05400,M-HCOOH+H[1+],0.00010353323000345
297.11818,C05402,M-HCOOH+H[1+],0.00010353323000345
297.11818,C00208,M-HCOOH+H[1+],0.00010353323000345
297.11818,C00252,M-HCOOH+H[1+],0.00010353323000345
297.11818,C01083,M-HCOOH+H[1+],0.00010353323000345
152.03761,C00357,M(C13)+2H[2+],0.000483533229981958
152.03761,C04257,M(C13)+2H[2+],0.000483533229981958
152.03761,C04501,M(C13)+2H[2+],0.000483533229981958
152.03761,C18060,M(C13)+2H[2+],0.000483533229981958
139.05019,C00135,M-NH3+H[1+],8.64667700284372e-05
139.05019,C00785,M+H[1+],1.35332299748825e-05
139.05019,C00439,M-H4O2+H[1+],1.35332299748825e-05
139.05019,C03680,M-H2O+H[1+],1.35332299748825e-05
145.04954,C00956,M-NH3+H[1+],3.64667700125665e-05
145.04954,C00031,M-H4O2+H[1+],6.35332299907532e-05
145.04954,C00221,M-H4O2+H[1+],6.35332299907532e-05
145.04954,C00267,M-H4O2+H[1+],6.35332299907532e-05
145.04954,C00095,M-H4O2+H[1+],6.35332299907532e-05
145.04954,C00159,M-H4O2+H[1+],6.35332299907532e-05
145.04954,C00124,M-H4O2+H[1+],6.35332299907532e-05
145.04954,C00137,M-H4O2+H[1+],6.35332299907532e-05
145.04954,C00984,M-H4O2+H[1+],6.35332299907532e-05
173.02096,C00093,M+H[1+],1.64667700062182e-05
173.02096,C00279,M-CO+H[1+],8.35332299971014e-05
173.02096,C01801,M+K[1+],0.000283533230003741
173.02096,C02985,M-C3H4O2+H[1+],1.64667699777965e-05
173.02096,C00246,M+HCOOK[1+],1.64667700062182e-05
239.1026,C07501,M+H[1+],7.6466770025263e-05
239.1026,C00364,M-HCOOK+H[1+],2.35332299780566e-05
239.1026,C00643,M+H2O+H[1+],7.6466770025263e-05
239.1026,C00268,M[1+],0.000799999999998136
239.1026,C02953,M[1+],0.000799999999998136
239.1026,C04244,M[1+],0.000799999999998136
239.1026,C21640,M[1+],0.000799999999998136
131.07025,C00233,M+H[1+],2.64667700093923e-05
131.07025,C00671,M+H[1+],2.64667700093923e-05
131.07025,C00672,M-HCOOK+H[1+],7.35332299655056e-05
131.07025,C00673,M-HCOOK+H[1+],7.35332299655056e-05
131.07025,C00418,M-H2O+H[1+],2.64667700093923e-05
212.09162,C05598,M+H2O+H[1+],0.000156466770022234
212.09162,C16587,M+H2O+H[1+],0.000156466770022234
212.09162,C16595,M+H2O+H[1+],0.000156466770022234
194.08121,C05598,M+H[1+],3.35332299812308e-05
194.08121,C16587,M+H[1+],3.35332299812308e-05
194.08121,C16595,M+H[1+],3.35332299812308e-05
194.08121,C07481,M[1+],0.00081000000000131
194.08121,C00954,M+H2O+H[1+],3.35332299812308e-05
194.08121,C05634,M+H2O+H[1+],3.35332299812308e-05
137.05969,C03758,M-NH3+H[1+],8.64667700284372e-05
137.05969,C03765,M+H[1+],1.35332299748825e-05
137.05969,C07086,M+H[1+],1.35332299748825e-05
137.05969,C01179,M-CO2+H[1+],8.64667700284372e-05
137.05969,C05350,M-CO2+H[1+],8.64667700284372e-05
137.05969,C05582,M-HCOOH+H[1+],8.64667700000155e-05
137.05969,C05583,M-HCOOH+H[1+],8.64667700000155e-05
137.05969,C00166,M-CO+H[1+],0.000113533229978202
137.05969,C02763,M-CO+H[1+],0.000113533229978202
140.0706,C00250,M-CO+H[1+],0.000123533230009798
140.0706,C00847,M-CO2+H[1+],7.64667699968413e-05
241.12953,C00884,M+H[1+],5.3533229987579e-05
241.12953,C01262,M+H[1+],5.3533229987579e-05
210.0761,C00931,M-NH3+H[1+],7.6466770025263e-05
210.0761,C16591,M+H[1+],2.35332299780566e-05
210.0761,C16361,M[1+],0.000799999999998136
210.0761,C05635,M+H2O+H[1+],2.35332299780566e-05
210.0761,C16596,M+H2O+H[1+],2.35332299780566e-05
128.07056,C00450,M+H[1+],1.64667700062182e-05
128.07056,C04076,M-H2O+H[1+],1.64667700062182e-05
128.07056,C02946,M-H2O+H[1+],1.64667700062182e-05
150.05494,C05578,M+H[1+],3.64667700125665e-05
150.05494,C00822,M-HCOOH+H[1+],0.000136466770015886
150.05494,C01693,M-CO2+H[1+],3.64667700125665e-05
150.05494,C04185,M-CO2+H[1+],3.64667700125665e-05
150.05494,C00250,M-H2O+H[1+],6.35332299907532e-05
150.05831,C00025,M(Cl37)+H[1+],0.000633533230001149
150.05831,C00073,M+H[1+],3.35332300096525e-05
150.05831,C05938,M(Cl37)+H[1+],0.000633533230001149
150.05831,C00217,M(Cl37)+H[1+],0.000633533230001149
244.07916,C01132,M+Na[1+],1.64667700062182e-05
244.07916,C00140,M+Na[1+],1.64667700062182e-05
244.07916,C00645,M+Na[1+],1.64667700062182e-05
189.08699,C00179,M+NaCl[1+],0.000686466770019933
330.11855,C05340,M+HCOOK[1+],0.00117353323003044
227.10262,C00931,M+H[1+],5.64667700189148e-05
227.10262,C00328,M+H2O+H[1+],5.64667700189148e-05
227.10262,C05647,M+H2O+H[1+],5.64667700189148e-05
227.10262,C16582,M-CO+H[1+],4.35332299844049e-05
227.10262,C16584,M-CO+H[1+],4.35332299844049e-05
86.09644,C01672,M-NH3+H[1+],3.64667699983556e-05
86.09644,C00123,M-HCOOH+H[1+],3.64667699983556e-05
86.09644,C00407,M-HCOOH+H[1+],3.64667699983556e-05
86.09644,C00408,M-CO2+H[1+],3.64667699983556e-05
86.09644,C05936,M-CO2+H[1+],3.64667699983556e-05
314.15994,C02166,M(C13)+2H[2+],0.000686466770048355
290.13474,C21016,M+H[1+],6.35332299907532e-05
71.04909,C00141,M-HCOOH+H[1+],8.64667699858046e-05
71.04909,C00555,M-NH3+H[1+],8.64667699858046e-05
71.04909,C00246,M-H2O+H[1+],1.35332300033042e-05
421.25854,C11134,M-CO2+H[1+],6.35332299907532e-05
421.25854,C11135,M-HCOOH+H[1+],3.64667700409882e-05
421.25854,C11136,M-HCOOH+H[1+],3.64667700409882e-05
246.09071,C00475,M(Cl37)+H[1+],0.000733533230004468
172.06041,C00624,M-H2O+H[1+],3.35332299812308e-05
172.06041,C00632,M+H2O+H[1+],6.64667700220889e-05
110.07123,C01035,M-H4O2+H[1+],5.3533229987579e-05
110.07123,C00135,M-HCOOH+H[1+],0.000146466769990639
110.07123,C07054,M-CO+H[1+],5.35332300160007e-05
263.07407,C07481,M+HCOONa[1+],0.0010064667699794
168.10189,C05587,M+H[1+],1.35332299748825e-05
168.10189,C16586,M-CO+H[1+],0.000113533230006624
245.11313,C00931,M+H2O+H[1+],0.00014646677001906
210.07609,C00931,M-NH3+H[1+],8.64667700284372e-05
210.07609,C16591,M+H[1+],1.35332299748825e-05
210.07609,C16361,M[1+],0.000789999999994961
210.07609,C05635,M+H2O+H[1+],1.35332299748825e-05
210.07609,C16596,M+H2O+H[1+],1.35332299748825e-05
156.06551,C00108,M+H2O+H[1+],6.64667700220889e-05
156.06551,C00847,M-CO+H[1+],3.35332299812308e-05
179.10664,C16633,M-HCOOK+H[1+],0.000563533230007351
121.06478,C00483,M-NH3+H[1+],9.64667700031896e-05
121.06478,C00601,M+H[1+],3.53323000013006e-06
121.06478,C05581,M-HCOOH+H[1+],9.64667699747679e-05
121.06478,C00166,M-CO2+H[1+],3.53323000013006e-06
121.06478,C02763,M-CO2+H[1+],3.53323000013006e-06
147.06519,C00117,M-HCOOK+H[1+],1.35332299748825e-05
147.06519,C00199,M-HCOOK+H[1+],1.35332299748825e-05
147.06519,C00231,M-HCOOK+H[1+],1.35332299748825e-05
147.06519,C00620,M-HCOOK+H[1+],1.35332299748825e-05
147.06519,C00794,M-H4O2+H[1+],0.000113533229978202
147.06519,C01019,M-H2O+H[1+],1.35332300033042e-05
147.06519,C01697,M-H4O2+H[1+],0.000113533229978202
147.06519,C00134,M+NaCl[1+],0.000686466769991512
228.13427,C19574,M+H2O+H[1+],6.46677003146578e-06
116.07056,C00077,M-NH3+H[1+],0.000116466769995327
116.07056,C00148,M+H[1+],1.64667699920074e-05
116.07056,C00763,M+H[1+],1.64667699920074e-05
116.07056,C00515,M-NH3+H[1+],0.000116466769995327
116.07056,C00956,M-HCOOH+H[1+],0.000116466769995327
282.27919,C00319,M-H2O+H[1+],0.000113533230035046
282.27919,C02934,M-H2O+H[1+],0.000113533230035046
282.27919,C12144,M-H4O2+H[1+],0.000113533230035046
246.08736,C00475,M(S34)+H[1+],0.00121646677001763
246.08736,C16635,M+H[1+],0.00111646677001431
246.08736,C04640,M-HCOONa+H[1+],1.64667700346399e-05
244.1292,C21016,M-HCOOH+H[1+],7.6466770025263e-05
182.08118,C00082,M+H[1+],3.53322997170835e-06
182.08118,C16591,M-CO+H[1+],0.000103533229975028
152.07058,C00534,M-NH3+H[1+],9.64667700031896e-05
152.07058,C00355,M-HCOOH+H[1+],9.64667700031896e-05
152.07058,C00547,M-H2O+H[1+],3.53323000013006e-06
152.07058,C00822,M-CO2+H[1+],9.64667700031896e-05
152.07058,C00314,M-H2O+H[1+],3.53323000013006e-06
172.07166,C00475,M-C3H4O2+H[1+],1.64667699777965e-05
230.11358,C04640,M-HCOOK+H[1+],0.00010353323000345
231.09755,C04376,M-HCOOK+H[1+],7.3533230022349e-05
262.10336,C00475,M+H2O+H[1+],1.64667699777965e-05
333.12948,C00921,M+H2O+H[1+],0.00109646677003639
115.08652,C00077,M-H2O+H[1+],5.64667700047039e-05
115.08652,C00515,M-H2O+H[1+],5.64667700047039e-05
167.05542,C00191,M-CO+H[1+],0.000443533229997684
167.05542,C00618,M-CO+H[1+],0.000443533229997684
167.05542,C02266,M+H2O+H[1+],0.000343533229965942
167.05542,C00818,M-CO2+H[1+],0.000343533229994364
167.05542,C02630,M+H2O+H[1+],0.000343533229965942
181.06078,C05648,M-C3H4O2+H[1+],3.53323000013006e-06
125.0961,C06459,M-CO2+H[1+],0.000376466769992589
184.07165,C16362,M-NH3+H[1+],2.64667700093923e-05
207.10156,C16453,M[1+],0.000760000000013861
171.07641,C00214,M-C3H4O2+H[1+],6.64667700220889e-05
171.07641,C05842,M+H2O+H[1+],6.64667700220889e-05
171.07641,C05843,M+H2O+H[1+],6.64667700220889e-05
355.22695,C00427,M(S34)+H[1+],0.00112646677001749
355.22695,C00584,M(S34)+H[1+],0.00112646677001749
355.22695,C00696,M(S34)+H[1+],0.00112646677001749
355.22695,C01312,M(S34)+H[1+],0.00112646677001749
355.22695,C02198,M(S34)+H[1+],0.00112646677001749
355.22695,C05960,M(S34)+H[1+],0.00112646677001749
355.22695,C04671,M(S34)+H[1+],0.00112646677001749
300.10137,C14864,M-HCOOK+H[1+],6.46677005988749e-06
300.10137,C14865,M-HCOOK+H[1+],6.46677005988749e-06
192.0689,C00624,M(Cl37)+H[1+],0.000723533230001294
211.07134,C00881,M-NH3+H[1+],3.64667700125665e-05
211.07134,C00526,M-H2O+H[1+],6.35332299907532e-05
211.07134,C20239,M[1+],0.00083999999998241
205.11822,C21015,M-CO+H[1+],4.35332300128266e-05
205.11822,C00449,M-C3H4O2+H[1+],5.6466769990493e-05
218.1499,C05341,M+H[1+],2.35332300064783e-05
206.04482,C05645,M-H2O+H[1+],4.35332299844049e-05
327.21677,C19691,M(C13)+H[1+],0.00150646677002442
183.07642,C00526,M-HCOOH+H[1+],5.6466769990493e-05
183.07642,C16582,M-C3H4O2+H[1+],5.64667700189148e-05
183.07642,C16584,M-C3H4O2+H[1+],5.64667700189148e-05
206.04479,C05645,M-H2O+H[1+],1.35332300033042e-05
144.06554,C00624,M-HCOOH+H[1+],3.64667700125665e-05
144.06554,C00956,M-H2O+H[1+],6.35332299907532e-05
144.06554,C03287,M-HCOOK+H[1+],6.35332299907532e-05
144.06554,C00329,M-H4O2+H[1+],6.35332299907532e-05
216.08665,C21015,M-NH3+H[1+],2.64667700093923e-05
216.08665,C00355,M+H2O+H[1+],2.64667700378141e-05
261.10796,C00214,M+H2O+H[1+],0.000216466770041279
261.10796,C12270,M-CO2+H[1+],0.000216466770041279
293.21116,C05471,M-C3H4O2+H[1+],1.64667700346399e-05
293.21116,C05489,M-C3H4O2+H[1+],1.64667700346399e-05
208.10806,C16453,M+H[1+],1.64667700062182e-05
196.1081,C05956,M+H+Na[2+],0.000126466770012712
196.1081,C19563,M-CO+H[1+],0.000123533230009798
196.1081,C19566,M-CO+H[1+],0.000123533230009798
264.1078,C00020,M-HCOOK+H[1+],0.00127646677003668
264.1078,C00362,M-HCOOK+H[1+],0.00127646677003668
264.1078,C00270,M-HCOOH+H[1+],7.64667699968413e-05
264.1078,C00272,M+Na[1+],0.00102353322995441
179.07028,C16586,M-NH3+H[1+],3.53323000013006e-06
179.07028,C03012,M+H2O+H[1+],3.53322997170835e-06
179.07028,C07585,M[1+],0.000779999999991787
269.24744,C04717,M-CO2+H[1+],0.000136466770015886
269.24744,C14825,M-CO+H[1+],6.35332299907532e-05
269.24744,C14826,M-CO+H[1+],6.35332299907532e-05
205.06829,C00331,M(C13)+H[1+],0.000586466770016614
205.06829,C00794,M+Na[1+],1.35332299748825e-05
205.06829,C01697,M+Na[1+],1.35332299748825e-05
208.07163,C00475,M-H4O2+H[1+],5.3533229987579e-05
287.12387,C00921,M-CO+H[1+],0.00110646677001114
216.08672,C21015,M-NH3+H[1+],4.35332300128266e-05
216.08672,C00355,M+H2O+H[1+],4.35332299844049e-05
208.10808,C16453,M+H[1+],3.53323000013006e-06
118.05002,C03508,M+H[1+],0.000143533230016146
118.05002,C00624,M-C3H4O2+H[1+],0.000143533230001935
118.05002,C00940,M-CO+H[1+],0.000243533230019466
118.05002,C05947,M-HCOOH+H[1+],4.35332300128266e-05
118.05002,C01044,M-CO2+H[1+],0.000143533230016146
349.15091,C00255,M-CO+H[1+],0.00033353322999119
331.13876,C00255,M-HCOOH+H[1+],0.00141646677002427
271.08125,C20934,M(S34)+H[1+],0.00122646676999238
215.09204,C01149,M+HCOOK[1+],0.000263533229997392
115.07526,C00123,M-NH3+H[1+],0.000116466770009538
115.07526,C00407,M-NH3+H[1+],0.000116466770009538
158.08116,C00437,M-NH3+H[1+],1.64667700062182e-05
129.05459,C04076,M-NH3+H[1+],8.64667700284372e-05
129.05459,C02946,M-NH3+H[1+],8.64667700284372e-05
129.05459,C01019,M-H4O2+H[1+],1.35332299748825e-05
224.09174,C05660,M+H2O+H[1+],3.64667700409882e-05
144.04774,C03824,M(Cl37)+H[1+],0.000663533230010671
154.08627,C03758,M+H[1+],6.46677000304408e-06
154.08627,C00082,M-CO+H[1+],9.35332300002756e-05
154.08627,C00355,M-CO2+H[1+],6.46677000304408e-06
253.08194,C05648,M+H[1+],6.35332299907532e-05
256.10407,C04874,M+H[1+],6.46677000304408e-06
256.10407,C00387,M-CO+H[1+],9.35332299718539e-05
256.10407,C00835,M+H2O+H[1+],6.46677000304408e-06
256.10407,C03684,M+H2O+H[1+],6.46677000304408e-06
184.06043,C00847,M+H[1+],4.64667700157406e-05
184.06043,C05127,M+NaCl[1+],0.000746466770010557
184.06043,C05653,M+H2O+H[1+],4.64667700157406e-05
147.08042,C00829,M+H2O+H[1+],5.64667700189148e-05
129.06983,C00829,M+H[1+],4.64667700157406e-05
129.06983,C19488,M+2H[2+],4.64667700157406e-05
225.11208,C05503,M+2H[2+],4.64667700157406e-05
315.19562,C00762,M-HCOOH+H[1+],4.35332300412483e-05
315.19562,C01780,M-HCOOH+H[1+],4.35332300412483e-05
315.19562,C04707,M-H4O2+H[1+],0.000243533230047888
244.12918,C21016,M-HCOOH+H[1+],9.64667700316113e-05
145.06077,C00178,M+H2O+H[1+],6.46677003146578e-06
145.06077,C02835,M+H2O+H[1+],6.46677003146578e-06
167.0703,C00788,M-NH3+H[1+],2.35332300064783e-05
167.0703,C05581,M+H[1+],2.35332300064783e-05
167.0703,C05589,M-NH3+H[1+],2.35332300064783e-05
167.0703,C05594,M-H2O+H[1+],2.35332300064783e-05
167.0703,C00588,M-H2O+H[1+],0.000276466770003481
123.04405,C00544,M-HCOOH+H[1+],0.000126466769998501
123.04405,C01161,M-HCOOH+H[1+],0.000126466769998501
123.04405,C05577,M-HCOOH+H[1+],0.000126466769998501
129.01821,C00940,M-NH3+H[1+],6.64667699936672e-05
129.01821,C00026,M-H2O+H[1+],3.35332300096525e-05
129.01821,C00417,M-HCOOH+H[1+],6.64667699936672e-05
129.01821,C01036,M-C3H4O2+H[1+],6.64667700220889e-05
129.01821,C01061,M-C3H4O2+H[1+],6.64667700220889e-05
129.01821,C21754,M+Na[1+],0.000366466770003626
129.01821,C21943,M+Na[1+],0.000366466770003626
188.10297,C01152,M+H2O+H[1+],6.46677003146578e-06
120.08069,C00483,M-H2O+H[1+],8.64667700000155e-05
120.08069,C00079,M-HCOOH+H[1+],0.000186466769989124
130.08624,C00047,M-NH3+H[1+],3.64667700125665e-05
130.08624,C00408,M+H[1+],3.64667700125665e-05
130.08624,C05936,M+H[1+],3.64667700125665e-05
225.11215,C05503,M+2H[2+],2.35332300064783e-05
158.09239,C00062,M-NH3+H[1+],8.64667700284372e-05
158.09239,C00792,M-NH3+H[1+],8.64667700284372e-05
158.09239,C00327,M-H2O+H[1+],1.35332300033042e-05
198.08738,C00475,M-HCOOH+H[1+],3.53323000013006e-06
198.08738,C07585,M+H2O+H[1+],3.53322997170835e-06
230.11359,C04640,M-HCOOK+H[1+],0.000113533229978202
293.12451,C03406,M(S34)+H[1+],0.00116646676997334
140.10696,C00788,M-CO2+H[1+],1.64667700062182e-05
140.10696,C05587,M-CO+H[1+],8.35332299686797e-05
140.10696,C05589,M-CO2+H[1+],1.64667700062182e-05
140.10696,C05332,M+H2O+H[1+],1.64667700346399e-05
139.07536,C05581,M-CO+H[1+],8.35332299971014e-05
139.07536,C05582,M-CO2+H[1+],1.64667700062182e-05
139.07536,C05583,M-CO2+H[1+],1.64667700062182e-05
139.07536,C05594,M-HCOOH+H[1+],0.000116466770009538
139.07536,C00601,M+H2O+H[1+],1.64667700346399e-05
139.07536,C00588,M-HCOOH+H[1+],0.000416466770019497
137.09605,C00951,M+2H[2+],2.64667700093923e-05
297.24259,C14825,M+H[1+],0.000213533230009944
297.24259,C14826,M+H[1+],0.000213533230009944
297.24259,C06426,M+H2O+H[1+],0.000113533229978202
297.24259,C06427,M+H2O+H[1+],0.000113533229978202
127.03903,C00628,M-CO+H[1+],0.00015353323000511
127.03903,C05584,M-C3H4O2+H[1+],5.35332300160007e-05
256.09284,C04751,M-HCOOK+H[1+],6.35332299907532e-05
111.04404,C00450,M-NH3+H[1+],3.64667699983556e-05
111.04404,C00156,M-CO+H[1+],6.3533230004964e-05
111.04404,C00628,M-CO2+H[1+],3.64667699983556e-05
111.04404,C05582,M-C3H4O2+H[1+],3.64667699841448e-05
111.04404,C05583,M-C3H4O2+H[1+],3.64667699841448e-05
111.04404,C05585,M-CO+H[1+],6.3533230004964e-05
159.07667,C00327,M-NH3+H[1+],0.000193533230003595
159.07667,C05828,M+H2O+H[1+],0.000193533229975174
349.11077,C16608,M+K[1+],0.000106466770034785
72.08071,C00134,M-NH3+H[1+],6.64667699936672e-05
72.08071,C00719,M-HCOOH+H[1+],0.000166466769996987
72.08071,C00183,M-HCOOH+H[1+],0.000166466769996987
72.08071,C00148,M-CO2+H[1+],6.64667699936672e-05
72.08071,C00763,M-CO2+H[1+],6.64667699936672e-05
209.06692,C16365,M-H2O+H[1+],4.35332300128266e-05
207.07979,C00669,M-CO2+H[1+],1.35332300033042e-05
159.07668,C00327,M-NH3+H[1+],0.000203533230006769
159.07668,C05828,M+H2O+H[1+],0.000203533229978348
196.09682,C00486,M(C13)+3H[3+],0.000643533230004323
196.09682,C16586,M+H[1+],4.35332300128266e-05
183.11279,C00931,M-CO2+H[1+],8.64667700284372e-05
254.11357,C21016,M-H4O2+H[1+],9.35332299718539e-05
126.02184,C00245,M+H[1+],0.000136466770001675
126.02184,C00506,M-CO2+H[1+],0.000136466770001675
126.02184,C00606,M-CO+H[1+],3.64667699983556e-05
131.04914,C05581,M-H4O2+H[1+],6.35332299907532e-05
129.05457,C04076,M-NH3+H[1+],0.000106466770006364
129.05457,C02946,M-NH3+H[1+],0.000106466770006364
129.05457,C01019,M-H4O2+H[1+],6.46677000304408e-06
182.08116,C00082,M+H[1+],1.64667700062182e-05
182.08116,C16591,M-CO+H[1+],8.35332299971014e-05
231.13394,C00449,M-HCOOH+H[1+],3.64667699841448e-05
255.06459,C05844,M+H[1+],1.35332300033042e-05
267.09756,C00212,M[1+],0.000760000000013861
267.09756,C00330,M[1+],0.000760000000013861
245.14953,C05340,M[1+],0.000730000000004338
179.10666,C16633,M-HCOOK+H[1+],0.0005835332300137
325.11315,C00089,M-H2O+H[1+],0.000273533230028988
325.11315,C00243,M-H2O+H[1+],0.000273533230028988
325.11315,C01235,M-H2O+H[1+],0.000273533230028988
325.11315,C05400,M-H2O+H[1+],0.000273533230028988
325.11315,C05402,M-H2O+H[1+],0.000273533230028988
325.11315,C00208,M-H2O+H[1+],0.000273533230028988
325.11315,C00252,M-H2O+H[1+],0.000273533230028988
325.11315,C01083,M-H2O+H[1+],0.000273533230028988
76.03928,C00037,M+H[1+],3.53323001434092e-06
76.03928,C00025,M-C3H4O2+H[1+],9.64667699889787e-05
76.03928,C05938,M-C3H4O2+H[1+],9.64667699889787e-05
76.03928,C00217,M-C3H4O2+H[1+],9.64667699889787e-05
146.12874,C05341,M-C3H4O2+H[1+],3.64667699841448e-05
145.04948,C00956,M-NH3+H[1+],9.64667700316113e-05
145.04948,C00031,M-H4O2+H[1+],3.53322997170835e-06
145.04948,C00221,M-H4O2+H[1+],3.53322997170835e-06
145.04948,C00267,M-H4O2+H[1+],3.53322997170835e-06
145.04948,C00095,M-H4O2+H[1+],3.53322997170835e-06
145.04948,C00159,M-H4O2+H[1+],3.53322997170835e-06
145.04948,C00124,M-H4O2+H[1+],3.53322997170835e-06
145.04948,C00137,M-H4O2+H[1+],3.53322997170835e-06
145.04948,C00984,M-H4O2+H[1+],3.53322997170835e-06
228.08635,C16591,M+H2O+H[1+],0.000326466770019351
289.1799,C05141,M+H[1+],0.000123533229952955
289.1799,C05301,M+H[1+],0.000123533229952955
289.1799,C00468,M+H2O+H[1+],2.35332299780566e-05
289.1799,C00762,M-C3H4O2+H[1+],2.35332299780566e-05
289.1799,C01780,M-C3H4O2+H[1+],2.35332299780566e-05
166.08624,C00079,M+H[1+],3.64667700125665e-05
166.08624,C00788,M-H2O+H[1+],6.35332300191749e-05
166.08624,C05589,M-H2O+H[1+],6.35332300191749e-05
166.08624,C05598,M-CO+H[1+],6.35332299907532e-05
166.08624,C00627,M-HCOOK+H[1+],6.35332299907532e-05
166.08624,C16587,M-CO+H[1+],6.35332299907532e-05
166.08624,C16591,M-CO2+H[1+],3.64667700125665e-05
166.08624,C16595,M-CO+H[1+],6.35332299907532e-05
103.05419,C00601,M-H2O+H[1+],1.35332300033042e-05
190.09747,C16453,M-H2O+H[1+],6.46677000304408e-06
108.04434,C05827,M-NH3+H[1+],0.000136466769987464
108.04434,C00632,M-HCOOH+H[1+],0.000136466769973254
165.07576,C01019,M+H[1+],1.64667700062182e-05
165.07576,C00794,M-H2O+H[1+],8.35332299971014e-05
165.07576,C01697,M-H2O+H[1+],8.35332299971014e-05
165.07576,C02076,M-HCOOH+H[1+],0.000116466770009538
212.09176,C05598,M+H2O+H[1+],1.64667700346399e-05
212.09176,C16587,M+H2O+H[1+],1.64667700346399e-05
212.09176,C16595,M+H2O+H[1+],1.64667700346399e-05
194.10365,C00268,M-HCOOH+H[1+],2.64667700093923e-05
194.10365,C00835,M-CO2+H[1+],2.64667700093923e-05
194.10365,C02953,M-HCOOH+H[1+],2.64667700093923e-05
194.10365,C03684,M-CO2+H[1+],2.64667700093923e-05
194.10365,C04244,M-HCOOH+H[1+],2.64667700093923e-05
194.10365,C21640,M-HCOOH+H[1+],2.64667700093923e-05
234.04311,C00669,M-NH3+H[1+],3.35332300096525e-05
132.10183,C00123,M+H[1+],4.64667700157406e-05
132.10183,C00407,M+H[1+],4.64667700157406e-05
132.10183,C01233,M-HCOOK+H[1+],4.64667700157406e-05
136.07569,C00082,M-HCOOH+H[1+],8.64667700000155e-05
136.07569,C03758,M-H2O+H[1+],1.35332300033042e-05
144.06553,C00624,M-HCOOH+H[1+],4.64667700157406e-05
144.06553,C00956,M-H2O+H[1+],5.3533229987579e-05
144.06553,C03287,M-HCOOK+H[1+],5.3533229987579e-05
144.06553,C00329,M-H4O2+H[1+],5.3533229987579e-05
204.08662,C01132,M-H2O+H[1+],4.35332300128266e-05
204.08662,C00140,M-H2O+H[1+],4.35332300128266e-05
204.08662,C00645,M-H2O+H[1+],4.35332300128266e-05
181.08598,C05588,M-NH3+H[1+],3.53323000013006e-06
181.08598,C06205,M+H2O+H[1+],3.53323000013006e-06
119.04911,C03765,M-H2O+H[1+],3.35332299954416e-05
119.04911,C00166,M-HCOOH+H[1+],6.64667699936672e-05
119.04911,C02763,M-HCOOH+H[1+],6.64667699936672e-05
119.04911,C07086,M-H2O+H[1+],3.35332299954416e-05
138.10255,C19574,M-C3H4O2+H[1+],2.64667700093923e-05
104.05281,C00073,M-HCOOH+H[1+],6.64667699794563e-05
223.10775,C00078,M+H2O+H[1+],2.64667700093923e-05
416.33746,C01747,M-HCOOH+H[1+],0.000283533230003741
416.33746,C03108,M-HCOOH+H[1+],0.000283533230003741
269.11324,C00921,M-HCOOH+H[1+],0.00133646676999888
183.09166,C00978,M-H4O2+H[1+],8.35332299686797e-05
138.10257,C19574,M-C3H4O2+H[1+],6.46677003146578e-06
166.08626,C00079,M+H[1+],1.64667700062182e-05
166.08626,C00788,M-H2O+H[1+],8.35332300255232e-05
166.08626,C05589,M-H2O+H[1+],8.35332300255232e-05
166.08626,C05598,M-CO+H[1+],8.35332299971014e-05
166.08626,C00627,M-HCOOK+H[1+],8.35332299971014e-05
166.08626,C16587,M-CO+H[1+],8.35332299971014e-05
166.08626,C16591,M-CO2+H[1+],1.64667700062182e-05
166.08626,C16595,M-CO+H[1+],8.35332299971014e-05
226.07099,C00214,M-NH3+H[1+],8.64667700284372e-05
226.07099,C16365,M[1+],0.000789999999994961
226.07099,C01252,M+H2O+H[1+],8.64667700284372e-05
226.07099,C14801,M+H2O+H[1+],8.64667700284372e-05
189.12337,C21015,M-CO2+H[1+],6.46677000304408e-06
203.10251,C03838,M-HCOOK+H[1+],6.64667700220889e-05
362.20807,C00735,M[1+],0.00122999999996409
362.20807,C05469,M[1+],0.00122999999996409
362.20807,C05473,M[1+],0.00122999999996409
236.10302,C05503,M+H+Na[2+],0.000106466770006364
246.10849,C00881,M+H2O+H[1+],1.35332299748825e-05
104.05282,C00073,M-HCOOH+H[1+],5.64667699762822e-05
147.06517,C00117,M-HCOOK+H[1+],6.46677003146578e-06
147.06517,C00199,M-HCOOK+H[1+],6.46677003146578e-06
147.06517,C00231,M-HCOOK+H[1+],6.46677003146578e-06
147.06517,C00620,M-HCOOK+H[1+],6.46677003146578e-06
147.06517,C00794,M-H4O2+H[1+],9.35332299718539e-05
147.06517,C01019,M-H2O+H[1+],6.46677000304408e-06
147.06517,C01697,M-H4O2+H[1+],9.35332299718539e-05
147.06517,C00134,M+NaCl[1+],0.00070646676999786
135.0553,C05842,M-H2O+H[1+],2.35332299780566e-05
135.0553,C05843,M-H2O+H[1+],2.35332299780566e-05
196.09685,C00486,M(C13)+3H[3+],0.000673533229985424
196.09685,C16586,M+H[1+],7.35332299939273e-05
107.04912,C00642,M-HCOOH+H[1+],5.6466769990493e-05
107.04912,C04043,M-HCOOH+H[1+],5.6466769990493e-05
107.04912,C05852,M-HCOOH+H[1+],5.6466769990493e-05
267.17432,C05140,M-H4O2+H[1+],4.35332300412483e-05
267.17432,C05284,M-H4O2+H[1+],4.35332300412483e-05
267.17432,C05290,M-H4O2+H[1+],4.35332300412483e-05
267.17432,C05295,M-H4O2+H[1+],4.35332300412483e-05
267.17432,C05302,M-H4O2+H[1+],4.35332300412483e-05
227.06627,C00475,M-NH3+H[1+],6.46677000304408e-06
227.06627,C00299,M-H2O+H[1+],9.35332300002756e-05
209.09208,C00328,M+H[1+],3.53323000013006e-06
209.09208,C05647,M+H[1+],3.53323000013006e-06
209.09208,C02700,M-CO+H[1+],0.00010353323000345
209.09208,C05648,M-CO2+H[1+],3.53323000013006e-06
209.09208,C00931,M-H2O+H[1+],3.53323000013006e-06
209.09208,C16582,M-HCOOH+H[1+],9.64667700031896e-05
209.09208,C16584,M-HCOOH+H[1+],9.64667700031896e-05
74.0712,C01035,M-C3H4O2+H[1+],7.64667699968413e-05
74.0712,C00581,M-CO2+H[1+],7.64667699826305e-05
240.09755,C00055,M-HCOOK+H[1+],0.00032646676999093
130.08625,C00047,M-NH3+H[1+],2.64667700093923e-05
130.08625,C00408,M+H[1+],2.64667700093923e-05
130.08625,C05936,M+H[1+],2.64667700093923e-05
339.15521,C00468,M+HCOONa[1+],0.00146646676995488
225.11214,C05503,M+2H[2+],1.35332300033042e-05
315.23203,C00410,M+H[1+],0.000153533229990899
315.23203,C04717,M(S34)+H[1+],0.00114646676996699
315.23203,C04518,M-H2O+H[1+],0.00025353323002264
315.23203,C05138,M-H2O+H[1+],0.00025353323002264
315.23203,C05476,M-H4O2+H[1+],0.00025353323002264
315.23203,C05485,M-H2O+H[1+],0.00025353323002264
315.23203,C18038,M-H2O+H[1+],0.00025353323002264
315.23203,C18040,M-H2O+H[1+],0.00025353323002264
315.23203,C22831,M-H2O+H[1+],0.00025353323002264
130.1226,C01149,M[1+],0.000599999999991496
198.07613,C00355,M+H[1+],5.3533229987579e-05
165.05458,C00082,M-NH3+H[1+],9.64667700316113e-05
165.05458,C00166,M+H[1+],3.53322997170835e-06
165.05458,C02763,M+H[1+],3.53322997170835e-06
165.05458,C01068,M-HCOONa+H[1+],9.64667700031896e-05
165.05458,C05582,M-H2O+H[1+],3.53323000013006e-06
165.05458,C05583,M-H2O+H[1+],3.53323000013006e-06
191.08148,C16453,M-NH3+H[1+],9.64667700031896e-05
191.08148,C00328,M-H2O+H[1+],3.53323000013006e-06
191.08148,C02700,M-HCOOH+H[1+],9.64667700031896e-05
191.08148,C05647,M-H2O+H[1+],3.53323000013006e-06
191.08148,C00931,M-H4O2+H[1+],3.53322997170835e-06
210.12361,C19574,M+H[1+],6.64667699936672e-05
247.07131,C11736,M+H[1+],0.00116646677000176
247.07131,C12739,M+H[1+],0.00116646677000176
247.07131,C04376,M-HCOONa+H[1+],6.64667699936672e-05
168.06527,C00250,M+H[1+],0.000206466770009683
168.06527,C00822,M-CO+H[1+],0.000206466770009683
168.06527,C05578,M+H2O+H[1+],0.000306466770013003
218.11359,C21016,M-C3H4O2+H[1+],1.35332299464608e-05
117.06582,C16622,M+H[1+],5.6466769990493e-05
170.08116,C00547,M+H[1+],1.64667700062182e-05
170.08116,C00314,M+H[1+],1.64667700062182e-05
170.08116,C00355,M-CO+H[1+],8.35332299971014e-05
156.06548,C00108,M+H2O+H[1+],9.64667700031896e-05
156.06548,C00847,M-CO+H[1+],3.53323000013006e-06
219.09759,C05770,M+3H[3+],0.00064686656332924
212.10297,C03373,M-HCOOK+H[1+],9.35332300002756e-05
87.08042,C01571,M+2H[2+],6.46676998883322e-06
87.08042,C00233,M-CO2+H[1+],5.64667699762822e-05
87.08042,C00671,M-CO2+H[1+],5.64667699762822e-05
115.08655,C00077,M-H2O+H[1+],2.64667699951815e-05
115.08655,C00515,M-H2O+H[1+],2.64667699951815e-05
154.04985,C00632,M+H[1+],2.64667700093923e-05
154.04985,C00624,M-H4O2+H[1+],7.35332299655056e-05
228.09789,C00881,M+H[1+],1.35332300033042e-05
162.11235,C00487,M[1+],0.000650000000007367
165.12733,C06429,M+2H[2+],4.64667700157406e-05
199.10774,C00214,M-CO2+H[1+],3.64667700125665e-05
199.10774,C05636,M+H2O+H[1+],3.64667700125665e-05
199.10774,C05638,M+H2O+H[1+],3.64667700125665e-05
199.10774,C00931,M-CO+H[1+],6.35332299907532e-05
146.1175,C01181,M[1+],0.000599999999991496
146.1175,C01996,M[1+],0.000599999999991496
145.10836,C05933,M-HCOOH+H[1+],0.000116466769981116
156.0768,C05504,M(C13)+3H[3+],0.000256866563319136
156.0768,C00135,M+H[1+],2.35332299780566e-05
156.0768,C00881,M-C3H4O2+H[1+],2.35332299780566e-05
156.0768,C03771,M-H2O+H[1+],0.000123533229981376
156.0768,C07054,M+H2O+H[1+],2.35332299780566e-05
173.08086,C03771,M[1+],0.000859999999988759
210.08732,C00386,M-NH3+H[1+],5.6466769990493e-05
210.08732,C00881,M-H2O+H[1+],4.35332300128266e-05
155.07028,C03765,M+H2O+H[1+],3.53322997170835e-06
155.07028,C05582,M-CO+H[1+],0.00010353323000345
155.07028,C05583,M-CO+H[1+],0.00010353323000345
155.07028,C05584,M-CO2+H[1+],3.53323000013006e-06
155.07028,C07086,M+H2O+H[1+],3.53322997170835e-06
148.07565,C00788,M-H4O2+H[1+],7.35332299939273e-05
148.07565,C05589,M-H4O2+H[1+],7.35332299939273e-05
148.07565,C00079,M-H2O+H[1+],2.64667700093923e-05
148.07565,C05598,M-HCOOH+H[1+],0.000126466770012712
148.07565,C00954,M-CO+H[1+],7.35332299939273e-05
148.07565,C05634,M-CO+H[1+],7.35332299939273e-05
148.07565,C05635,M-CO2+H[1+],2.64667700093923e-05
148.07565,C01233,M-HCOONa+H[1+],0.000126466770041134
148.07565,C16587,M-HCOOH+H[1+],0.000126466770012712
148.07565,C16595,M-HCOOH+H[1+],0.000126466770012712
148.07565,C16596,M-CO2+H[1+],2.64667700093923e-05
195.08768,C07481,M+H[1+],3.53323000013006e-06
201.12326,C05341,M-NH3+H[1+],0.000116466770009538
134.04473,C00049,M+H[1+],4.64667700157406e-05
134.04473,C00402,M+H[1+],4.64667700157406e-05
134.04473,C16630,M(C13)+H[1+],0.000553533229975756
134.04473,C01044,M-CO+H[1+],5.3533229987579e-05
74.02362,C00940,M-C3H4O2+H[1+],5.6466769990493e-05
114.05491,C03912,M+H[1+],6.64667699936672e-05
114.05491,C03564,M+H[1+],6.64667699936672e-05
114.05491,C00430,M-H2O+H[1+],3.35332300096525e-05
114.05491,C01110,M-H2O+H[1+],3.35332300096525e-05
114.05491,C01157,M-H2O+H[1+],3.35332300096525e-05
114.05491,C01165,M-H2O+H[1+],3.35332300096525e-05
114.05491,C05147,M-H2O+H[1+],3.35332300096525e-05
114.05491,C02220,M-CO2+H[1+],6.64667699794563e-05
114.05491,C03824,M-CO+H[1+],3.35332300238633e-05
114.05491,C03440,M-H2O+H[1+],3.35332300096525e-05
114.05491,C00931,M+2H[2+],6.64667699936672e-05
142.08629,C00547,M-CO+H[1+],0.000113533229978202
142.08629,C00314,M-CO+H[1+],0.000113533229978202
262.13971,C21016,M-CO+H[1+],3.35332299528091e-05
183.0917,C00978,M-H4O2+H[1+],0.000123533229981376
140.07059,C00250,M-CO+H[1+],0.000113533230006624
140.07059,C00847,M-CO2+H[1+],8.64667700000155e-05
233.14965,C00449,M-CO2+H[1+],7.3533230022349e-05
135.08042,C06205,M-CO+H[1+],4.35332300128266e-05
137.09609,C00951,M+2H[2+],1.35332300033042e-05
226.07097,C00214,M-NH3+H[1+],0.000106466770034785
226.07097,C16365,M[1+],0.000769999999988613
226.07097,C01252,M+H2O+H[1+],0.000106466770034785
226.07097,C14801,M+H2O+H[1+],0.000106466770034785
175.07136,C00439,M+H[1+],1.64667700062182e-05
175.07136,C03680,M+H2O+H[1+],1.64667700346399e-05
146.08115,C04076,M+H[1+],2.64667700093923e-05
146.08115,C16741,M-NH3+H[1+],2.64667700093923e-05
146.08115,C02946,M+H[1+],2.64667700093923e-05
146.08115,C00624,M-CO2+H[1+],2.64667700093923e-05
146.08115,C03090,M-HCOOK+H[1+],7.35332299939273e-05
146.08115,C00450,M+H2O+H[1+],2.64667700093923e-05
163.13285,C06423,M+H2O+H[1+],2.64667700378141e-05
309.13099,C19559,M(Cl37)+H[1+],0.000913533229947916
217.07069,C07481,M+Na[1+],0.00101353323000808
217.07069,C05584,M+H2O+H[1+],1.35332300033042e-05
111.05544,C05130,M+H[1+],0.000163533230008284
111.05544,C00064,M-H4O2+H[1+],0.000263533230011603
111.05544,C21028,M-H2O+H[1+],0.000163533229994073
111.05544,C21029,M-H4O2+H[1+],0.000263533230011603
111.05544,C00785,M-CO+H[1+],0.000263533230011603
111.05544,C03680,M-HCOOH+H[1+],6.3533230004964e-05
111.05544,C00819,M-H4O2+H[1+],0.000263533230011603
189.12341,C21015,M-CO2+H[1+],3.35332300096525e-05
365.1058,C00089,M+Na[1+],0.000323533229959594
365.1058,C00243,M+Na[1+],0.000323533229959594
365.1058,C01235,M+Na[1+],0.000323533229959594
365.1058,C05400,M+Na[1+],0.000323533229959594
365.1058,C05402,M+Na[1+],0.000323533229959594
365.1058,C00208,M+Na[1+],0.000323533229959594
365.1058,C00252,M+Na[1+],0.000323533229959594
365.1058,C01083,M+Na[1+],0.000323533229959594
173.10732,C05490,M+2H[2+],0.000643533229975901
173.10732,C00978,M-HCOOH+H[1+],5.64667700189148e-05
173.10732,C06212,M-H2O+H[1+],4.35332299844049e-05
104.10689,C00123,M-CO+H[1+],1.35332300033042e-05
104.10689,C00407,M-CO+H[1+],1.35332300033042e-05
124.07569,C00547,M-HCOOH+H[1+],8.64667700000155e-05
124.07569,C00250,M-CO2+H[1+],1.35332300033042e-05
124.07569,C00314,M-HCOOH+H[1+],8.64667700000155e-05
124.07569,C16586,M-C3H4O2+H[1+],1.35332300175151e-05
165.12737,C06429,M+2H[2+],6.46677000304408e-06
245.09542,C00214,M(Cl37)+H[1+],0.000643533229975901
245.09542,C00475,M(C13)+H[1+],0.000756466770013731
245.09542,C00120,M+H[1+],5.64667700189148e-05
104.10691,C00123,M-CO+H[1+],3.35332299954416e-05
104.10691,C00407,M-CO+H[1+],3.35332299954416e-05
116.07053,C00077,M-NH3+H[1+],0.000146466769990639
116.07053,C00148,M+H[1+],4.64667699873189e-05
116.07053,C00763,M+H[1+],4.64667699873189e-05
116.07053,C00515,M-NH3+H[1+],0.000146466769990639
116.07053,C00956,M-HCOOH+H[1+],0.000146466769990639
226.10735,C00386,M[1+],0.000750000000010687
258.10999,C00670,M[1+],0.00060999999999467
143.08148,C05827,M+H2O+H[1+],9.64667700031896e-05
153.12739,C00219,M+2H[2+],1.35332299748825e-05
353.23228,C00427,M+H[1+],3.53322997170835e-06
353.23228,C00584,M+H[1+],3.53322997170835e-06
353.23228,C00696,M+H[1+],3.53322997170835e-06
353.23228,C01312,M+H[1+],3.53322997170835e-06
353.23228,C02198,M+H[1+],3.53322997170835e-06
353.23228,C05960,M+H[1+],3.53322997170835e-06
353.23228,C04671,M+H[1+],3.53322997170835e-06
353.23228,C05949,M+H2O+H[1+],3.53322997170835e-06
228.06892,C00120,M-NH3+H[1+],5.64667700189148e-05
250.11866,C11061,M+H+Na[2+],0.000116466769981116
206.09239,C19563,M-H2O+H[1+],1.35332300033042e-05
206.09239,C19566,M-H2O+H[1+],1.35332300033042e-05
200.09179,C00082,M+H2O+H[1+],1.35332299748825e-05
200.09179,C16362,M[1+],0.000889999999998281
255.10867,C05401,M+H[1+],0.00119353322997995
255.10867,C03406,M-H4O2+H[1+],6.46677000304408e-06
255.10867,C04677,M-HCOOK+H[1+],0.000106466770006364
309.13095,C19559,M(Cl37)+H[1+],0.000873533229935219
307.10247,C00089,M-H4O2+H[1+],0.000193533230003595
307.10247,C00243,M-H4O2+H[1+],0.000193533230003595
307.10247,C01235,M-H4O2+H[1+],0.000193533230003595
307.10247,C05400,M-H4O2+H[1+],0.000193533230003595
307.10247,C05402,M-H4O2+H[1+],0.000193533230003595
307.10247,C00208,M-H4O2+H[1+],0.000193533230003595
307.10247,C00252,M-H4O2+H[1+],0.000193533230003595
307.10247,C01083,M-H4O2+H[1+],0.000193533230003595
163.11173,C11736,M-HCOOK+H[1+],0.000553533229975756
163.11173,C12739,M-HCOOK+H[1+],0.000553533229975756
231.04342,C01107,M(S34)+H[1+],0.000443533229997684
231.04342,C01107,M(Cl37)+H[1+],0.000956466769991948
323.25821,C05476,M-CO+H[1+],0.000233533230016292
323.25821,C00219,M+H2O+H[1+],0.00013353322998455
101.05968,C00719,M-NH3+H[1+],9.64667699889787e-05
101.05968,C00183,M-NH3+H[1+],9.64667699889787e-05
249.12341,C05643,M+H[1+],3.35332300096525e-05
219.07644,C03838,M-HCOONa+H[1+],3.64667700409882e-05
219.07644,C02700,M-H2O+H[1+],6.35332299907532e-05
219.07644,C16582,M-H4O2+H[1+],6.35332299623315e-05
219.07644,C16584,M-H4O2+H[1+],6.35332299623315e-05
219.07644,C11736,M-CO+H[1+],0.00103646677001734
219.07644,C12739,M-CO+H[1+],0.00103646677001734
101.09607,C02373,M+H[1+],6.46677000304408e-06
101.09607,C02679,M+2H[2+],6.46677000304408e-06
144.0655,C00624,M-HCOOH+H[1+],7.6466770025263e-05
144.0655,C00956,M-H2O+H[1+],2.35332299780566e-05
144.0655,C03287,M-HCOOK+H[1+],2.35332299780566e-05
144.0655,C00329,M-H4O2+H[1+],2.35332299780566e-05
197.09209,C00214,M-HCOOH+H[1+],8.64667700000155e-05
197.09209,C21015,M-H4O2+H[1+],0.000113533230006624
197.09209,C03227,M-CO+H[1+],0.000113533230006624
197.09209,C05651,M-CO+H[1+],0.000113533230006624
146.06001,C00082,M-H4O2+H[1+],3.35332299812308e-05
146.06001,C05635,M-HCOOH+H[1+],6.64667699936672e-05
146.06001,C14040,M-CO+H[1+],3.35332300096525e-05
146.06001,C14800,M-CO2+H[1+],6.64667699936672e-05
146.06001,C14802,M-CO2+H[1+],6.64667699936672e-05
146.06001,C16596,M-HCOOH+H[1+],6.64667699936672e-05
145.07601,C05636,M-H4O2+H[1+],3.35332299812308e-05
145.07601,C05638,M-H4O2+H[1+],3.35332299812308e-05
241.1069,C00670,M-H2O+H[1+],0.000376466769978379
132.0654,C00430,M+H[1+],7.64667699968413e-05
132.0654,C01110,M+H[1+],7.64667699968413e-05
132.0654,C01157,M+H[1+],7.64667699968413e-05
132.0654,C01165,M+H[1+],7.64667699968413e-05
132.0654,C05147,M+H[1+],7.64667699968413e-05
132.0654,C03440,M+H[1+],7.64667699968413e-05
132.0654,C01042,M-CO2+H[1+],0.000176466770000161
132.0654,C03912,M+H2O+H[1+],0.000176466770000161
132.0654,C03564,M+H2O+H[1+],0.000176466770000161
132.0654,C06055,M-HCOOK+H[1+],7.64667699968413e-05
323.25817,C05476,M-CO+H[1+],0.000193533230003595
323.25817,C00219,M+H2O+H[1+],9.35332299718539e-05
179.05502,C00198,M+H[1+],4.35332300128266e-05
179.05502,C01040,M+H[1+],4.35332300128266e-05
179.05502,C00257,M-H2O+H[1+],4.35332300128266e-05
179.05502,C00800,M-H2O+H[1+],4.35332300128266e-05
179.05502,C00322,M+H2O+H[1+],5.64667700189148e-05
179.05502,C16241,M-CO+H[1+],0.000756466769985309
150.0583,C00025,M(Cl37)+H[1+],0.000623533229997975
150.0583,C00073,M+H[1+],2.35332300064783e-05
150.0583,C05938,M(Cl37)+H[1+],0.000623533229997975
150.0583,C00217,M(Cl37)+H[1+],0.000623533229997975
198.08737,C00475,M-HCOOH+H[1+],6.46677000304408e-06
198.08737,C07585,M+H2O+H[1+],6.46677003146578e-06
349.11086,C16608,M+K[1+],1.64667700346399e-05
146.06,C00082,M-H4O2+H[1+],2.35332299780566e-05
146.06,C05635,M-HCOOH+H[1+],7.64667699968413e-05
146.06,C14040,M-CO+H[1+],2.35332300064783e-05
146.06,C14800,M-CO2+H[1+],7.64667699968413e-05
146.06,C14802,M-CO2+H[1+],7.64667699968413e-05
146.06,C16596,M-HCOOH+H[1+],7.64667699968413e-05
163.07533,C06205,M+H[1+],4.64667699873189e-05
163.07533,C14786,M+H2O+H[1+],4.64667700157406e-05
163.07533,C14787,M+H2O+H[1+],4.64667700157406e-05
154.04987,C00632,M+H[1+],6.46677000304408e-06
154.04987,C00624,M-H4O2+H[1+],9.35332299718539e-05
287.2007,C00280,M+H[1+],0.000123533229952955
287.2007,C05139,M-H2O+H[1+],0.000223533229984696
287.2007,C05294,M-H2O+H[1+],0.000223533229984696
287.2007,C18045,M-H2O+H[1+],0.000223533229984696
287.2007,C18075,M-H2O+H[1+],0.000223533229984696
287.2007,C03740,M+HCOONa[1+],0.00117646677000494
89.05968,C00246,M+H[1+],3.53323000013006e-06
89.05968,C01801,M-HCOOH+H[1+],9.64667699747679e-05
89.05968,C00141,M-CO+H[1+],0.00010353323000345
89.05968,C00093,M-HCOOK+H[1+],3.53323000013006e-06
151.11177,C00777,M+2H[2+],4.35332299844049e-05
151.11177,C15493,M+2H[2+],4.35332299844049e-05
158.08114,C00437,M-NH3+H[1+],3.64667700125665e-05
375.21553,C00427,M+Na[1+],0.00125353322999899
375.21553,C00584,M+Na[1+],0.00125353322999899
375.21553,C00696,M+Na[1+],0.00125353322999899
375.21553,C01312,M+Na[1+],0.00125353322999899
375.21553,C02198,M+Na[1+],0.00125353322999899
375.21553,C05960,M+Na[1+],0.00125353322999899
375.21553,C04671,M+Na[1+],0.00125353322999899
136.06176,C00147,M+H[1+],1.64667700062182e-05
214.10739,C16586,M+H2O+H[1+],1.35332300033042e-05
150.05493,C05578,M+H[1+],4.64667699873189e-05
150.05493,C00822,M-HCOOH+H[1+],0.000146466769990639
150.05493,C01693,M-CO2+H[1+],4.64667699873189e-05
150.05493,C04185,M-CO2+H[1+],4.64667699873189e-05
150.05493,C00250,M-H2O+H[1+],5.35332300160007e-05
252.10912,C00559,M+H[1+],4.35332299844049e-05
130.09746,C00327,M-HCOOH+H[1+],0.000116466769981116
130.09746,C03771,M-CO2+H[1+],1.64667700062182e-05
130.09746,C00388,M+H2O+H[1+],1.64667700062182e-05
394.29529,C01921,M-C3H4O2+H[1+],0.000113533229978202
400.34244,C02990,M+H[1+],0.000263533229997392
400.34244,C01829,M+H+Na[2+],0.000813533230029861
200.0918,C00082,M+H2O+H[1+],2.35332299780566e-05
200.0918,C16362,M[1+],0.000900000000001455
181.05058,C03765,M+HCOO[-],0.000534999999985075
181.05058,C05581,M-H+O[-],5.3533229987579e-05
181.05058,C05582,M-H[-],4.35332299844049e-05
181.05058,C05583,M-H[-],4.35332299844049e-05
181.05058,C07086,M+HCOO[-],0.000534999999985075
137.02436,C00156,M-H[-],6.35332299907532e-05
137.02436,C05585,M-H[-],6.35332299907532e-05
135.02989,C00186,M+HCOO[-],0.000544999999988249
135.02989,C00577,M+HCOO[-],0.000544999999988249
135.02989,C03547,M+CH3COO[-],0.000551005999994914
135.02989,C01013,M+HCOO[-],0.000544999999988249
135.02989,C00160,M+CH3COO[-],0.000594999999975698
135.02989,C00184,M+HCOO[-],0.000544999999988249
135.02989,C00256,M+HCOO[-],0.000544999999988249
135.0312,C00155,M(C13)-H[-],0.000323533229988016
135.0312,C00262,M-H[-],2.35332299780566e-05
135.0312,C00148,M+Na-2H[-],0.000452933540003642
135.0312,C00763,M+Na-2H[-],0.000452933540003642
105.01931,C00186,M-H+O[-],2.35332300064783e-05
105.01931,C00258,M-H[-],1.35332300033042e-05
105.01931,C00577,M-H+O[-],2.35332300064783e-05
105.01931,C01013,M-H+O[-],2.35332300064783e-05
105.01931,C00058,M+CH3COO[-],0.000514999999992938
105.01931,C00184,M-H+O[-],2.35332300064783e-05
105.01931,C00256,M-H+O[-],2.35332300064783e-05
128.0353,C00022,M+ACN-H[-],3.14667699967686e-05
128.0353,C00025,M-H2O-H[-],2.35332299780566e-05
128.0353,C00222,M+ACN-H[-],3.14667699967686e-05
128.0353,C03912,M-H+O[-],3.35332300096525e-05
128.0353,C03564,M-H+O[-],3.35332300096525e-05
128.0353,C04281,M-H[-],2.35332299780566e-05
128.0353,C05938,M-H2O-H[-],2.35332299780566e-05
128.0353,C00217,M-H2O-H[-],2.35332299780566e-05
128.0353,C02237,M-H[-],2.35332299780566e-05
128.0353,C04282,M-H[-],2.35332299780566e-05
128.0353,C01879,M-H[-],2.35332299780566e-05
149.0091,C01180,M(Cl37)-H[-],0.000223533229984696
149.0091,C00149,M-H+O[-],3.35332300096525e-05
149.0091,C01146,M+HCOO[-],0.000454999999988104
149.0091,C00383,M+HCOO[-],0.000454999999988104
149.0091,C00168,M+HCOO[-],0.000454999999988104
175.02483,C00122,M+CH3COO[-],0.000535000000013497
175.02483,C00191,M-H2O-H[-],6.46677003146578e-06
175.02483,C00618,M-H2O-H[-],6.46677003146578e-06
175.02483,C02670,M-H[-],6.46677000304408e-06
175.02483,C03289,M-H[-],6.46677000304408e-06
175.02483,C00322,M-H+O[-],3.53323000013006e-06
217.04662,C00337,M+CH3COO[-],0.000524999999981901
183.01594,C00366,M-H+O[-],6.46677000304408e-06
183.01594,C11821,M-H[-],8.35332299971014e-05
183.01594,C12248,M-H2O-H[-],1.64667700062182e-05
183.01594,C05947,M+Na-2H[-],0.000392933539984597
165.05566,C05581,M-H[-],6.35332299907532e-05
165.05566,C05594,M-H2O-H[-],6.35332299907532e-05
165.05566,C00601,M+HCOO[-],0.000514999999978727
165.05566,C00588,M-H2O-H[-],0.000363533230000712
159.07747,C00188,M+ACN-H[-],1.46677001566786e-06
159.07747,C05519,M+ACN-H[-],1.46677001566786e-06
92.04319,C00116,M(C13)-H[-],0.000233533230016292
88.98804,C00048,M-H+O[-],6.46676998883322e-06
135.04512,C03765,M-H[-],3.53323000013006e-06
135.04512,C00601,M-H+O[-],1.35332300033042e-05
135.04512,C07086,M-H[-],3.53323000013006e-06
335.04311,C19488,M+Br[-],0.000389999999981683
347.18488,C05140,M+HCOO[-],0.000965000000007876
347.18488,C05141,M+CH3COO[-],0.000915000000020427
347.18488,C05284,M+HCOO[-],0.000965000000007876
347.18488,C05290,M+HCOO[-],0.000965000000007876
347.18488,C05295,M+HCOO[-],0.000965000000007876
347.18488,C05301,M+CH3COO[-],0.000915000000020427
347.18488,C05302,M+HCOO[-],0.000965000000007876
317.1749,C00951,M+HCOO[-],0.000345000000038453
317.1749,C05140,M-H+O[-],0.000933533230011108
317.1749,C05284,M-H+O[-],0.000933533230011108
317.1749,C05290,M-H+O[-],0.000933533230011108
317.1749,C05295,M-H+O[-],0.000933533230011108
317.1749,C05302,M-H+O[-],0.000933533230011108
145.06194,C00064,M-H[-],0.000116466770009538
145.06194,C21029,M-H[-],0.000116466770009538
145.06194,C00065,M+ACN-H[-],7.14667700094651e-05
145.06194,C00740,M+ACN-H[-],7.14667700094651e-05
145.06194,C00819,M-H[-],0.000116466770009538
257.10309,C00670,M-H[-],0.000233533229959448
347.18503,C05140,M+HCOO[-],0.000815000000045529
347.18503,C05141,M+CH3COO[-],0.00076500000005808
347.18503,C05284,M+HCOO[-],0.000815000000045529
347.18503,C05290,M+HCOO[-],0.000815000000045529
347.18503,C05295,M+HCOO[-],0.000815000000045529
347.18503,C05301,M+CH3COO[-],0.00076500000005808
347.18503,C05302,M+HCOO[-],0.000815000000045529
118.99856,C01146,M-H+O[-],7.35332300081382e-05
118.99856,C00383,M-H+O[-],7.35332300081382e-05
118.99856,C00048,M+HCOO[-],0.000515000000007149
118.99856,C00168,M-H+O[-],7.35332300081382e-05
161.0456,C00031,M-H2O-H[-],7.6466770025263e-05
161.0456,C00221,M-H2O-H[-],7.6466770025263e-05
161.0456,C00267,M-H2O-H[-],7.6466770025263e-05
161.0456,C00095,M-H2O-H[-],7.6466770025263e-05
161.0456,C00159,M-H2O-H[-],7.6466770025263e-05
161.0456,C00124,M-H2O-H[-],7.6466770025263e-05
161.0456,C00137,M-H2O-H[-],7.6466770025263e-05
161.0456,C00984,M-H2O-H[-],7.6466770025263e-05
161.0456,C00232,M+CH3COO[-],0.000604999999978872
161.0456,C00109,M+CH3COO[-],0.000604999999978872
161.0456,C00141,M+HCOO[-],0.000654999999994743
161.0456,C00164,M+CH3COO[-],0.000604999999978872
161.0456,C00349,M+CH3COO[-],0.000604999999978872
161.0456,C06002,M+CH3COO[-],0.000604999999978872
177.04034,C00042,M+CH3COO[-],0.00044499999998493
177.04034,C00198,M-H[-],8.35332299971014e-05
177.04034,C00257,M-H2O-H[-],8.35332299971014e-05
177.04034,C00800,M-H2O-H[-],8.35332299971014e-05
177.04034,C01040,M-H[-],8.35332299971014e-05
177.04034,C02170,M+CH3COO[-],0.00044499999998493
160.02521,C00940,M-H+O[-],7.64667699968413e-05
160.02521,C01044,M-H[-],8.64667700000155e-05
122.02479,C03824,M-H2O-H[-],6.64667699936672e-05
122.02479,C00253,M-H[-],6.64667699936672e-05
122.02479,C07446,M-H[-],6.64667699936672e-05
122.02479,C11736,M-2H[2-],0.00053353323001204
122.02479,C12739,M-2H[2-],0.00053353323001204
72.99308,C00048,M-H[-],4.35332299986158e-05
547.15161,C01246,M+Br81[-],0.0021406419999721
103.04007,C06001,M-H[-],4.64667699873189e-05
103.04007,C05984,M-H[-],4.64667699873189e-05
103.04007,C00246,M-H+O[-],3.64667699841448e-05
103.04007,C01089,M-H[-],4.64667699873189e-05
254.06701,C00822,M+CH3COO[-],0.000515000000007149
254.06701,C16591,M+HCOO[-],0.000564999999994598
246.06194,C11736,M(C13)-H[-],0.000616466769997714
246.06194,C12739,M(C13)-H[-],0.000616466769997714
246.06194,C16241,M+ACN-H[-],0.00082853322999199
246.06194,C00931,M+Na-2H[-],0.000907066460030137
180.03357,C00097,M+CH3COO[-],0.00057499999996935
180.03357,C00155,M+HCOO[-],0.000524999999981901
189.07686,C00233,M+CH3COO[-],0.000565000000023019
189.07686,C00671,M+CH3COO[-],0.000565000000023019
347.18485,C05140,M+HCOO[-],0.00099500000004582
347.18485,C05141,M+CH3COO[-],0.000945000000058371
347.18485,C05284,M+HCOO[-],0.00099500000004582
347.18485,C05290,M+HCOO[-],0.00099500000004582
347.18485,C05295,M+HCOO[-],0.00099500000004582
347.18485,C05301,M+CH3COO[-],0.000945000000058371
347.18485,C05302,M+HCOO[-],0.00099500000004582
237.11326,C11061,M-2H[2-],3.64667700125665e-05
129.01924,C02266,M-H2O-H[-],8.35332299971014e-05
129.01924,C02630,M-H2O-H[-],8.35332299971014e-05
125.09707,C06423,M-H2O-H[-],5.35332300160007e-05
184.06154,C00547,M-H+O[-],6.46677000304408e-06
184.06154,C00314,M-H+O[-],6.46677000304408e-06
117.01928,C00042,M-H[-],4.35332300128266e-05
117.01928,C02170,M-H[-],4.35332300128266e-05
117.01928,C00232,M-H+O[-],5.35332300160007e-05
117.01928,C00109,M-H+O[-],5.35332300160007e-05
117.01928,C00546,M+HCOO[-],0.000534999999999286
117.01928,C00164,M-H+O[-],5.35332300160007e-05
117.01928,C00349,M-H+O[-],5.35332300160007e-05
117.01928,C06002,M-H+O[-],5.35332300160007e-05
218.04588,C00331,M-H+O[-],4.64667700157406e-05
218.04588,C14040,M+HCOO[-],0.000535000000013497
132.03024,C16630,M(C13)-H[-],0.000616466769997714
132.03024,C00049,M-H[-],1.64667700062182e-05
132.03024,C00402,M-H[-],1.64667700062182e-05
132.03024,C03508,M-H+O[-],6.46677000304408e-06
132.03024,C02218,M+HCOO[-],0.00059500000000412
187.06117,C05587,M+Na-2H[-],0.000877066460020615
187.06117,C00255,M-2H[2-],0.000703533229994946
182.04586,C00047,M+K-2H[-],0.00058706646001383
182.04586,C00108,M+HCOO[-],0.000515000000007149
182.04586,C00250,M-H+O[-],2.64667700093923e-05
182.04586,C00847,M-H[-],6.35332299907532e-05
182.04586,C00253,M+CH3COO[-],0.000564999999994598
182.04586,C07446,M+CH3COO[-],0.000564999999994598
75.00872,C00033,M-H+O[-],1.35332300033042e-05
75.00872,C03547,M-H[-],4.75272300093366e-05
75.00872,C00160,M-H[-],3.53323001434092e-06
170.04588,C00624,M-H2O-H[-],5.64667700189148e-05
152.00231,C00606,M-H[-],1.35332300033042e-05
160.0403,C05637,M-H[-],0.000123533229981376
160.0403,C05639,M-H[-],0.000123533229981376
160.04031,C05637,M-H[-],0.000113533229978202
160.04031,C05639,M-H[-],0.000113533229978202
267.09884,C00328,M+CH3COO[-],0.000744999999994889
267.09884,C05647,M+CH3COO[-],0.000744999999994889
166.0179,C00097,M+HCOO[-],0.000554999999991423
189.07687,C00233,M+CH3COO[-],0.000575000000026193
189.07687,C00671,M+CH3COO[-],0.000575000000026193
437.29005,C02528,M+HCOO[-],0.000295000000051004
437.29006,C02528,M+HCOO[-],0.000285000000076252
212.05639,C00355,M-H+O[-],4.35332300128266e-05
212.05639,C00632,M+CH3COO[-],0.0004950000000008
212.05639,C00250,M+HCOO[-],0.000544999999988249
145.08695,C02373,M+HCOO[-],0.000505000000003974
152.03522,C00108,M-H+O[-],0.000113533229978202
152.03522,C00632,M-H[-],0.000103533229975028
152.03522,C16632,M+HCOO[-],0.00072499999998854
164.03519,C05578,M-H+O[-],0.000143533229987725
164.03519,C05653,M-H[-],0.00013353322998455
164.03519,C00847,M-H2O-H[-],0.00013353322998455
469.28019,C05466,M+Na-2H[-],0.00135706646000244
115.00366,C00122,M-H[-],6.3533230004964e-05
115.00366,C00149,M-H2O-H[-],3.64667699841448e-05
