"","C.0.LGALS7","C.0.IFI27","C.0.SERPINB2","C.0.KRT14","C.0.HES1","C.0.FOS","C.0.KRT5","C.0.LGALS7B","C.0.XIST","C.0.JUN","C.0.MT1X","C.0.KRT17","C.0.AREG","C.0.HSPA1A","C.0.HSPA1B","C.0.ARID5B","C.0.LYPD3","C.0.S100A2","C.1.IFI27","C.1.FOS","C.1.JUN","C.1.DUSP1","C.1.GADD45B","C.1.MT1X","C.1.HSPA1A","C.1.XIST","C.1.ZFP36","C.1.HSPA1B","C.1.ARID5B","C.1.CXCL14","C.1.ID3","C.1.EGR1","C.1.NEAT1","C.1.DDX5","C.2.HSPA1A","C.2.HSPA1B","C.2.DNAJB1","C.2.ID1","C.2.KRT14","C.2.FABP5","C.2.MTND3","C.2.HSP90AA1","C.2.ID3","C.2.MTND1","C.2.SOD2","C.2.APOE","C.2.IER3","C.3.MT1X","C.3.XIST","C.3.IFI27","C.3.APOE","C.3.GSN","C.3.TPPP3","C.3.CD55","C.3.MRPS6","C.4.HSPA1A","C.4.DNAJB1","C.4.MT1X","C.4.APOE","C.4.HSP90AA1","C.4.MTND1","C.5.HSPA1A","C.5.HSPA1B","C.5.XIST","C.5.IFI27","C.5.HSP90AA1","C.5.MT1X","C.5.DNAJB1","C.5.IGFBP5","C.5.CCL2","C.5.CRIP1","C.5.COL1A1","C.5.SOD2","C.5.CEBPD","C.5.IFITM1","C.5.PTGDS","C.5.MTND1","C.5.CFD","C.5.CRYAB","C.5.CXCL14","C.5.C11ORF96","C.5.COL3A1","C.5.MTND2","C.5.APOE","C.5.APOD","C.5.IER3","C.5.CFH","C.6.MT1X","C.6.GSN","C.6.XIST","C.6.IFI27","C.6.DNAJB1","C.6.EGR1","C.6.CD9","C.6.NFKBIA","C.7.APOE","C.7.IFI27","C.7.XIST","C.7.HSPE1","C.7.S100A11","C.7.HSPB1","C.7.HLAC","C.7.ATP1B3","C.8.MT1X","C.8.CXCL14","C.8.IER3","C.8.DUSP1","C.8.ZFP36","C.8.GADD45B","C.8.HES1","C.8.HLAB","C.8.JUN","C.8.MTND3","C.8.SOCS3","C.10.HSPA1A","C.10.HSP90AA1","C.10.DNAJB1","C.10.RGS1","C.10.LMNA","C.10.DUSP1","C.10.KLF6","C.10.CXCR4","C.10.HSP90AB1","C.10.TSC22D3","C.10.MTND1","C.10.PPP1R15A","C.10.MTND2","C.11.LGALS1","C.11.HES1","C.11.IFI27","C.11.FOS","C.11.VIM","C.11.IGFBP7","C.11.TIMP1","C.11.JUN","C.11.HSPA1A","C.11.S100A6","C.11.HSPA1B","C.11.FABP5","C.11.GADD45B","C.11.ATF3","C.11.DUSP1","C.11.ZFP36","C.11.CST3","C.11.XIST","C.11.IFITM3","C.11.CCL2","C.12.HSPA1A","C.12.HSPA1B","C.12.JUN","C.12.HSPB1","C.12.HSP90AA1","C.12.FOS","C.12.LGALS1","C.12.LUM","C.12.CXCL14","C.12.PPP1R15A","C.13.XIST","C.13.EGR1","C.13.DUSP1","C.13.JUNB","C.13.MT1X","C.13.ZFP36","C.13.CEBPD","C.13.JUN","C.13.CRIP1","C.13.FOS","C.13.APOE","C.13.ATF3","C.13.HES1","C.13.FLNA","C.13.C12ORF75","C.14.FOS","C.14.MGP","C.14.XIST","C.14.ZFP36","C.14.HLAB","C.14.CEBPD","C.14.CCL2","C.14.IRF1","C.14.HSPA1A","C.14.SOCS3","C.14.FOSB","C.14.ATF3","C.14.IFITM2","C.14.EGR1","C.14.IGFBP5","C.14.RGS16","C.14.HES1","C.14.DUSP1","C.14.SPARCL1","C.14.CYR61","C.14.GADD45B","C.14.DNAJB1","C.14.IER3","C.15.MALAT1","C.15.LDHA","C.15.S100A11","C.15.MTND2","C.15.CD59","C.15.UQCRH","C.15.KRT10","C.15.CD164","C.15.HSPA1B","C.15.MTND3","C.15.DNAJB1","C.15.SOD2","C.15.HSPA1A","C.15.NEAT1","C.15.NDUFA4","C.15.MTND1","C.15.MTCYB","C.15.ADIRF","C.15.CD74","C.15.MTND4","C.16.LGALS1","C.16.HSPA1A","C.16.KRT10","C.16.MGP","C.16.FABP5","C.16.XIST","C.16.CCL2","C.16.HSPA1B","C.16.FOS","C.16.IFI27","C.16.S100A6","C.16.SAT1","C.16.HES1","C.16.TM4SF1","C.16.IGFBP7","C.16.MYC","C.17.HSPA1A","C.17.HSPA1B","C.17.HSP90AA1","C.17.FOS","C.17.HSPB1","C.17.MTCO1","C.17.MTND1","C.17.JUNB","C.17.MTND3","C.17.HSP90AB1","C.17.XIST","C.17.JUN","C.17.ANXA1","C.17.TXNIP"
"V1",2.89710286322338,2.06287129465697,0.658819620788086,3.39230561095224,2.60387521278052,2.96265884634131,2.14131308524007,4.10297510626029,1.5164334062884,2.73340777867196,3.19446978216277,0.942099554195315,0.0799593798270363,3.10641980468129,2.68717104749198,0.36686836503775,1.9929676597493,1.41474709393891,1.6721334937365,4.20515455635039,4.21908238979711,3.79384232736584,2.52766111640627,2.29905298670932,3.87072174557344,1.66271299965106,3.58070679455392,3.39070192831004,0.952823326692325,4.48770385010084,2.00143210429897,2.52611722880069,3.25897284011705,1.96780742505017,2.19350332956019,1.48937744094552,1.65254047452064,2.06945684631523,0.79665298576331,2.51467859082032,3.40314469056934,2.01615187682411,2.38680689449572,3.51819790342944,1.02886295663594,1.94256424325698,1.54322011961211,2.46077824807579,1.78965820641255,2.4842767634554,1.05927518094358,2.82361430767864,0.328243673755731,0.379416997004924,1.66709692763251,2.14668839077356,2.23910920875855,1.23773784886601,1.71274836727493,2.29341143304384,3.37257165109242,2.1157444721093,1.58967734241893,1.55254500480328,1.52837310156377,2.19538340104326,0.712587635657599,2.14569490231691,1.63173119511707,3.91026766292836,1.07158810184254,1.31956868818423,0.625862424562548,2.08754868490831,1.65949407139598,0,3.30495258781522,0.891150466164803,1.27810622782804,0.738137687149746,1.38507923120862,1.59776953882124,3.57738569161985,3.21924708165503,0.245653103877013,1.89391612304494,1.55216913039231,2.00097871283779,3.51598069560214,1.58971512512986,1.37854554881918,0.987730524061278,0.422453096108591,2.57262357800261,1.13129529686706,0,0,0,1.32142593400253,0,3.67586216546688,0,0,1.5570737563029,4.23120591300926,0.875569008436689,1.62604877952673,1.64829333767851,1.65607394110806,1.59160950287123,2.44066738819264,2.71298893871485,3.40949680202969,0.947458887109731,2.6826667863815,2.92736813515262,2.77166781158587,1.823858447243,3.18668345319377,3.0376518208835,2.45968933473004,3.35746110544913,2.56426647786303,2.4247507820244,2.6826700668712,2.70547179860008,3.39080871741245,1.53550186014558,3.055046655488,1.25879197510728,3.54185805634118,0.585708411023494,0.224763503812368,0.183203306448143,3.34982329343511,3.52026709725195,1.76212793572524,3.05282424640861,1.77240904872819,1.98651767961161,2.24194924068265,3.20269508567289,2.75609147015711,1.13244583416451,1.54460039189718,1.09599914238432,0.498829215152604,2.51186170120657,2.4367173904243,2.62579116528824,2.00998507519903,2.73698837991229,2.06409998911442,1.41142217050167,0,0.732326357711892,2.66460600563463,1.91595809027516,0.509978445310213,1.63010615408567,1.79067147057986,1.25436398089915,1.3315219342768,0.342403908508328,2.02037488027945,0.280054377177759,1.93426438673249,0.257931769668217,0.324127007113753,0.503343531200678,3.12633674833242,1.04757239165464,3.98410134900307,0.0721817359219551,2.36700263197041,2.3490477776752,2.5649856389248,0.851647951921305,2.77290822580561,2.19505932587035,2.39828565772383,2.26926850226152,1.90775271343547,1.55554015620193,2.18877505127341,1.83919212284058,0.994513205971429,0.531473232275033,2.57185550613543,2.06626987484027,1.62755767285446,1.53509815527205,2.16809057212447,2.58500383789063,1.4219996018292,5.69399271366576,3.69821597560488,3.04132781085048,2.7787458768849,3.06831779718659,1.54142866705989,2.25109678499621,2.32067960381753,1.45789494533034,2.85778849518766,0.590232780745105,3.26534474715058,1.7993690649756,1.49320481801239,2.85967486608775,2.64445181676952,3.26835054687603,2.10850259462632,0.992619527434635,3.4429100558993,1.77490179533724,2.08645737438383,3.36348092421695,0.12066876548773,1.49468628550036,1.51470100325846,1.46329985888842,1.80821502592181,2.6326823707927,0.421485271122782,2.56917027660002,1.89208079305648,2.25029436452176,1.17615963213595,1.11968798203854,1.90830122141767,1.89194545526296,0,2.18346185147726,1.21066414818656,0,4.55872221683721,2.92292688892347,4.51245815769124,3.01009868975042,2.38228671739879,1.21066414818656,1.74246859079401,2.96174393941102,0
"V2",2.36240353516507,0.880659154956077,1.0186919594999,4.87375434562001,3.55736464544013,3.58742557460079,3.40910391885489,3.3068665282306,0,3.71867977523218,3.69970872624039,2.36010383532177,0.551965566293221,3.57456062860458,3.384929855816,0.694071388932537,1.79059523363121,1.85621397469291,0.315955511377535,4.23284793312137,4.14973324054185,3.4986945048566,3.19689112074895,2.88377900411448,3.94845397546374,0,3.68010332773361,3.76265237880024,1.09399381349327,3.8882202828839,2.22772761494656,2.45619389081365,3.23812943877658,2.12989107484307,1.89003961256476,1.63778430589698,1.43655801061319,1.74446897760748,0.485959337849901,2.41661761027267,2.78213406395802,2.00873895962758,2.26778975618461,3.27198197337597,1.55172738861843,0.667569535267966,2.28084618177929,3.00703830333337,0,2.20642786851925,2.90122945687856,2.46126901462839,0.547905765749875,1.02188342281555,1.11841581202609,3.28512261610045,2.46058891525673,1.01606935816526,1.31498696775867,2.69044420274016,3.06143350216412,2.80377175555631,2.58171629176841,0,0.980161388166212,2.55807689091066,0.896952815371686,2.06362268573696,1.1374112726813,4.49796368641886,0.648638889729869,1.60802291519952,1.74923334850033,3.12447725089752,0.894093995358412,0.156177119742736,2.97163186677235,0.954628866070196,0.827652295927404,1.04263201999347,2.25143682421118,1.59613477207181,3.37767917181267,2.38990123827202,0.656930088108105,2.24853247680027,2.46739184510252,2.33799945258748,3.15536755610812,0.0604486635767363,1.13021202396483,2.12742875058911,1.95309400844235,1.63712324658755,2.56763743154649,0.450576614458454,1.78941718822769,0,1.36918192102104,2.55266644006753,1.99763387672033,1.75164436593293,1.85959207281728,1.84545672894236,4.17025903273908,1.44474240272018,1.89504216354899,2.68211086208101,2.26858231797841,1.0936610654947,2.01989980055572,2.44553659670452,2.73190565326976,1.99178258554919,2.12607660169793,2.60943664902214,2.08973687078165,2.5199550619069,2.82086792389425,2.34640490072775,1.85617916360543,3.64086452779681,2.40534103427762,2.21618842542915,2.62977999502455,1.63045485356176,3.20030957243336,1.10669667701838,3.561586471025,0.247732297437704,3.67465435562475,0.5976309746212,0.225701897454761,0.370267763343377,3.7735692675726,3.81075219429351,1.74842214525873,3.61576455200655,2.17759431514688,2.67881878496134,2.86653473020575,3.25587909621377,3.28536617410382,0.652818607661143,0,1.31416010045157,1.22254846902211,0,0,0,1.64021460899844,2.97640997933442,3.84510409192357,0,0,0,1.16095541924225,0,0.20476635814172,1.63216676905042,2.16431336030839,1.48639517092238,2.11969586866724,0.661367878147698,2.27644351237757,0,2.34365562914632,0,0.774370402145974,0.798964103742283,2.44977910627849,0.934715796041075,3.42517455105841,0,1.1392005862073,1.75814789523408,3.23088279636208,0,2.54048218788135,0,2.71628109459395,1.35297087458123,1.90773420364213,0.617999839710467,1.94649063243238,0.756085229612126,1.31339668292255,0.624394285231353,2.08760970904854,1.32426143909669,2.34671944711111,2.73219415393027,2.93518611026028,1.7939050065038,1.75894286101321,6.67748206110949,3.14568011465462,3.22017174426705,2.98827448386967,3.15930973905463,2.05211967072538,0.419472582263556,2.0577763394735,2.058444437633,2.61074490224999,0.639184506401191,3.49442758560045,2.65764168333886,1.88232157402928,2.27489827645869,2.69797198666728,3.00711040844402,1.79961713635313,1.38384126701836,3.35231932520289,1.6362911458898,1.98305600590444,2.79878842706306,0.345687189515127,1.22945050211059,0,1.25654533099773,1.86612487664193,2.74569306239109,0.130036861638365,2.33222415897275,2.14298522969326,2.62788451910445,1.67342735654635,1.36083787809371,2.2121875542652,1.37536295787876,1.07242225294084,2.69858649478918,1.82334818101523,0.387985447115536,3.75874837126417,1.90701493706557,4.17468800709014,1.74424913859169,2.57311957781774,0,1.16944503985614,2.60071875626675,0.625398212283235
"V3",2.57037421639941,1.60809492423214,2.10478730119491,3.97550292242692,2.35802567489652,3.02916253077079,2.58454371029189,3.04369738734421,0,3.00428376010756,3.0015659939117,1.21490261770064,0.25756632668041,2.87384530796293,2.70539305015671,0.581718562417967,2.85301729918915,1.30217178937628,1.63120590530011,3.99910983190615,3.93848086266144,3.44828649624418,2.74887286881993,3.3089912463797,3.31686222519549,0,3.41760242650411,3.02568664303454,1.54782020641293,3.82903838856296,2.19507366371127,2.54482225894614,3.61703686423172,2.50301414439617,2.33096467714509,1.8436773921319,2.00235868272805,2.94638121043057,1.02380131165955,2.41905373301718,2.76284856375329,2.39242080590009,3.09097535640559,3.26899433410377,1.13263046204868,0.988362718903004,1.83839389522846,2.00311781699521,0,1.30931707884192,1.66059408124835,3.49901629605527,1.18816229906527,2.16631893286623,0.431213142122615,3.15805667785728,2.094041162953,1.36757775956566,0.973849538976024,2.47087562284998,3.39824766789004,2.65399483760671,2.2898007577188,0,1.36929871099703,2.35084616163833,0.953185361586214,2.0332887203835,2.26516635088678,3.22508352340871,1.31218294086036,1.97248220062374,1.11195756962077,2.37114766265163,1.2056313605165,0.0307269912817443,3.21506500897461,0.657810544798321,1.11526540043902,0.445271495943547,1.96152565802859,2.0722740646075,3.30643797979069,2.0700133732824,0.416529182760667,1.62344402207611,1.35631646198137,1.47734897251746,4.62892472028962,0,1.54801003706672,2.06793830236403,1.13566174098381,1.9807092133576,2.63917752481666,0.493823668624833,0.375390782668279,0,1.91051043345825,2.24212661769447,2.56880302457325,2.63600830471391,1.40506878411318,1.19825768537622,3.71047213532394,0.776021839730731,1.72920865181361,1.64425885879706,1.37308029280052,2.33153132499636,1.30338924702064,1.61385858049178,2.27455452037774,1.0153573730431,2.18831293925661,2.2585252989576,1.98962828280509,1.12594059066076,2.47631910375287,2.30874022847134,1.0555819351376,3.13217527404801,2.06930256374385,2.13474975091983,2.36534365675755,1.08496938365689,3.04738100967771,0.43287841544793,2.88162393550938,1.20456070577734,3.40088989494636,0.163905713088126,0.251124928921193,0.349627181473757,3.4434000841708,3.06771276770833,1.41761260845273,2.87140521129265,1.04765781420235,2.16205563696209,2.4025505754841,2.92767998338949,2.89921034504237,0.709749015917069,0,0.679264254856021,1.58046864043607,3.56146533014163,2.88926648983448,3.3678288634248,2.32781622334844,3.36963868627973,3.02810988221547,1.06027960906276,0,0,2.30310143903126,0,1.96151117633776,2.32838043222496,4.42632233086364,1.96506402907446,3.46593794030427,2.49745462423384,3.40890901314992,1.58632678749013,3.8445451521965,0,1.23709558037122,2.31452830950725,2.60122719451212,0.676752744323647,0.557654674466977,0,0.938702703072172,0.389818394214278,0.611949081786376,1.278159338231,1.57138491856482,0.312844909751049,1.72905982892132,0.903909533335904,0.938702703072172,0.312844909751049,0,0,1.65189856026956,0,0.611949081786376,0.312844909751049,1.59330511954118,0.748525534237844,0.550787744568549,1.47416213759554,0.611949081786376,4.9003183594019,4.27074313269393,3.00110291278967,2.43834321710051,3.00658891764523,2.89745748803558,2.98061811542651,1.78284119461186,2.53767706344033,2.27677911895997,1.13396882517218,2.3447230236847,2.69407315949247,0,3.14823853025522,2.11948865112809,3.24163093862654,2.32607845913444,0,2.91701141741347,2.56962206898823,2.1118167270679,3.20394933168862,0.0893280560081724,2.73717054576035,0,1.68774159299136,1.84893067489614,2.35848549121479,0.14437446902364,2.88144382590111,1.38970081849184,2.02449809506699,1.08565244304841,1.15682460808589,1.49836202721793,1.49520378533545,1.05572669713002,2.54582895168302,1.37782163459992,0.888312820179215,1.65672581856866,1.21433575238187,4.451226163236,1.35119793049337,2.37253785626723,0,1.10830541787377,3.15029450740834,0.661156638426923
"V4",2.2174793025609,2.32860672621275,1.55907562385663,5.37454914229187,2.6508155789656,2.7748425207066,3.80339306779596,3.62851493654328,0,2.95446893699251,3.61598553575116,3.09410704512531,0.930208285693434,3.17089610353922,3.03751503751225,1.22985008103637,3.24051446170016,2.5757804495849,1.11089377296485,3.1264666871325,3.52693595451551,2.75673563927443,2.08829513515904,3.28700834293897,3.19600271747946,0,3.07475270717508,2.99666748349851,1.70882249168892,3.86374464481675,2.04499809038335,2.22529179934573,2.75368067506288,3.03118101964863,2.92580872130237,2.62120547031729,1.87688984979987,2.05887433936099,1.32625397768146,2.59884035221279,2.87965230816482,2.30132147111034,2.50693886681237,2.52689068839039,1.67159997930961,1.13350079634895,2.25667535368826,2.87003951127012,0,1.9887059635027,1.39298705351256,1.89804366086262,0.0979368330594649,0.445918525548881,1.79747913981776,3.57817434088139,2.01178666077302,2.68348378985388,1.44781420380366,2.48953305300556,2.04383165854373,3.45571553811003,3.14610636138878,0,1.4421842895233,2.75307900985633,1.29393892180132,2.20862853511281,2.24318387681212,2.80596028693026,1.50105629481992,3.26800775429217,3.04778858442658,2.18211159687886,1.98483730302456,0.487677182181089,2.06720421894605,0.786642478138901,1.45383708065074,0.281752735376188,2.25794699634388,2.95170046632835,2.31751595573968,3.19197710640851,0.800153891499616,3.09301542865804,2.21951732123952,2.51981380407994,2.75073985305518,0,1.88871282795737,1.37118975479633,0.653251036276571,2.65257759686493,1.63614382176562,0.441125131801769,1.24574289298043,0,1.64057557933072,2.97544038009016,1.81763076387211,2.29955272075093,1.39826434367205,2.70864129986302,4.02065518731673,0.950039734182575,3.24119031233303,2.98678645765653,3.38990612575139,2.11071953066815,2.18150610428646,3.15726309756538,2.69264146687764,2.46070212975283,3.24740047027753,3.13847983243641,2.79774549106171,1.20001811676465,2.68408195200583,2.56028974139431,2.28516087547519,3.92082214745551,2.90693960801211,2.18154518749083,1.80510649475473,2.29837457790267,2.1192615274093,0.569899631132856,2.74047088146627,1.79117798018107,2.65121634339006,0.732852141232713,1.13121391473344,0.411093762736671,2.8833132738173,3.19715613564092,1.542445058159,3.04773207099812,2.92598046297051,1.89567436189102,1.64090302503526,2.33168237470466,2.61973783838576,1.00053865204483,0,1.53300157863436,0.666037663063878,1.87918910851054,1.90096753454629,2.45161338024715,1.50342032275943,2.72291021336146,3.1066123506852,2.10167393380357,0.760015355007075,0.599204382411222,2.66693146273115,0,1.99902651685808,4.18557755657512,3.41091846840627,3.07990578030673,3.19809566140398,2.10295172418921,2.79145654790894,0.0274233201276863,3.33044995599407,0.0770390020905039,1.18440938785623,1.77819249714396,3.00072509302314,0.0520101298892169,3.84290622565648,0,0,2.39676435140335,0,0,0,0.495021142338187,3.91182886882463,2.26952815590458,0.577589621663954,1.3629939201422,0.996798914279818,1.11933097775518,0.495021142338187,1.14362476388531,3.32044037453382,2.8642399793181,0.727095057155056,1.38272516993889,3.52932586395809,2.65255380628711,1.16440318045756,3.90202653178277,0,0,0,0,0,3.55326179611673,0,2.24937039673296,0,3.42991460702106,0,3.14048302821431,2.74570619220893,2.99594840100511,1.95922753715815,0,0,2.24937039673296,2.88834350315023,0.593832845750665,2.65257115692842,3.6880363980363,0.0498135750852758,2.39862876430025,0,0.969567154109242,2.36337811352495,2.78096552983692,0.588108018635579,1.30013671021904,2.8505417517114,2.44153154906765,3.01193955568176,0.418471393402841,3.42427046266886,2.86168587486142,2.28502420458995,2.97299486090856,3.23189722744807,1.93314219093778,2.75502905011239,1.50907026553643,3.04074598472685,2.75827254185254,3.01806062246978,0,1.61344074782471,3.27377914831575,1.50280865074958
"V5",1.4041940390592,0.546236421745925,2.28248071979526,3.99955912695751,1.53907894163718,2.1104358206809,2.94729897375184,2.72940947640047,1.19223511265754,2.12439706203295,2.12411305318831,1.77981438756978,1.17822565683351,3.24225377266219,2.57289534370509,1.78629340383808,3.26095300985593,1.96092849436836,0.31453075765792,2.68312466721255,2.62365474627697,2.30691835460508,1.66663348608961,2.37001434715524,3.45937249763332,1.14984715626614,2.54208919441738,2.70477276909892,2.41688809715493,3.38474824180604,0.999480729554518,1.71650697465278,2.62873871293163,2.89313846561263,2.81968028006738,1.97005958329696,1.83392660506394,1.8645306790508,0.948448178886257,2.91889029411426,3.1552993713448,2.73384737780027,2.23804237287136,4.21943318412464,1.79193784160406,1.13154305295139,2.69587014397754,1.12533214235054,1.72390392456527,1.59858427590568,2.45841814352687,2.35792902047038,0.563170106174,0.90336045794786,2.35187520741603,3.37785038063313,2.47863293359972,0.84632306738604,1.11888107668596,2.96664086468188,4.19581564079082,3.03728262694077,2.35635968474246,1.60345447457226,1.36561473452508,2.81580020836245,0.816772015994075,2.00232278476132,1.42700945052596,3.83224973619658,0.628928720903373,1.43241668162827,1.56574073283211,2.62056171467458,0.894115376108072,0.0891538024749331,4.35235744082871,0.68594194212893,1.33306519006182,0.295805152962443,2.30173212015825,1.55951827968685,4.5068813237428,2.78635531781063,0.298073255051329,2.70328095817004,1.32614384904145,1.17610628332979,4.40828696823566,1.41936592915412,1.35364488579016,1.75210074513923,1.5517194141869,1.73328738949037,1.80733464075431,1.75858982345358,0.439862378449803,1.2801539950631,2.02793282469133,2.92984192583834,3.3584500876415,1.87812005056079,1.48542273071528,1.03912838307709,3.80953264175888,1.81385540806729,1.80177421387162,2.34126273268744,1.97428509624108,1.650423162155,1.80852777332516,2.4234815635996,2.93297275209175,1.28777703540576,3.57323665050889,3.39005980921747,2.38995480520737,1.28020735293177,3.07820735532167,2.36097078166536,3.1249345419388,3.48614929530911,2.91107701502931,2.03481697017022,3.87831448883519,1.85669627493674,4.49444514979713,0.989309978181999,1.72536139693012,0.546477599471651,2.11960476278312,0.902876865488571,0.970340450665002,0.290067617943265,2.20822109196035,2.73197731079413,1.44795177350445,2.045549827953,1.9164013000083,1.31631046897115,1.45167155190078,2.02204304725843,2.16528247519838,0.718733542527336,1.28478856191036,0.998140674539135,1.41158822993585,2.82381990658412,1.65773854752569,2.88468636797315,1.67227438986223,3.22873113046208,2.14086342628607,2.29173252473378,0.369721250992722,0.672537132522428,2.24555694802349,1.57244501752915,1.14933454540729,2.52116158560326,2.34632044518969,0.910325994760746,2.01835757386169,1.19124021481994,2.09348926867043,0.42480793490367,2.33115642451803,0.547783628856614,0.999532908735283,1.74943128527523,2.86029276206283,0.827594970563705,3.53811954002459,1.14215349565352,2.02083727739162,2.65815713193674,2.72832600699328,1.63852589670133,1.67283690847539,1.04006497583609,3.76503880370447,1.67645841775516,1.58230628689904,1.73719732993302,2.30443289502404,1.6065794749206,2.75795905009098,0.263220914555187,2.16552020749247,0.501080533862939,2.44431575398501,1.44417852571065,2.17174192994356,1.93187797484149,2.10279718042494,6.05403665169833,1.23787558014091,3.29343866992842,3.45528019719645,0.708022093822349,0.294779116114071,2.46182125307149,0,1.06808416973016,1.33265879937548,0.294779116114071,0,1.48834996795251,1.31979063872895,0,3.70050022930161,3.08446032787108,1.23787558014091,2.13074643154747,2.73443067958193,0.37379895282933,2.34096179914383,3.36203217046602,0.0855885807926038,2.41143072692685,1.10637736389666,1.91236368612568,1.67124961916972,1.29888521828594,0.309665119728332,1.11466441857632,1.83699599000813,0.944015508583274,2.67157418276892,0.47585385794071,2.38391612149443,2.16145770540775,0,2.73210566520994,0,1.23367714627848,4.80579071456273,3.83028055071604,1.72498205070961,2.89112010647429,0.689912944627125,1.21082413908276,0.4038053566898,2.9502635731076,0.40331011349051
"V6",1.17614372142131,0.693108541558861,3.13994847642509,3.41544448964168,1.31080425805365,2.20985388751565,3.0017519727209,2.36361743364318,1.23185552455089,2.11553513996002,3.00209390748832,0.651116587261618,1.6046715559285,2.62155394565469,2.14260837450142,1.69039665518981,3.25749260980839,1.77061042446095,0.187605630140584,2.75195914666644,2.82606232590287,2.34252789222259,1.39408903770306,2.6274637126221,2.90053381069621,1.09872857489586,2.64184019737568,2.41188967242483,2.33013014973818,3.60063989961813,1.10280518872894,1.8997636821459,2.17669944254636,3.09728011212394,2.51628062117397,1.8976660994346,1.70262001576968,1.79689326052983,0.999198003762825,2.39710807243976,2.64928227864534,2.39182007759445,1.79901228440688,3.55215364708534,2.12030201822887,0.913794580002493,2.30088470024712,2.97472345707683,1.77682849010562,1.62602076675146,2.24511318381494,2.67891401284848,0.64314208441061,0.979192459094236,1.7392100553332,3.4186167095827,1.77418823384185,2.11030245801939,1.07496060967958,2.34494484045678,3.63948392431242,3.35040830499308,2.71869689762391,1.44327414085406,1.2517097832569,2.39591218641468,2.75429454529176,1.99307980723142,2.23586716577776,3.63076601042351,0.390503503257858,1.08353501722418,1.96052702851387,3.16275617927543,0.497703725211541,0.35630132000024,3.57733360272086,1.92487440903434,1.72704041701959,0.593720844488094,2.50194181012339,1.47657414662415,3.87326661723485,2.45514348196523,0.282087834629276,2.24110114188309,1.27297990020916,2.28645961868955,3.61732729559096,1.53627389240446,0.897113610859025,1.35738311320492,1.41066444471043,2.0028644937774,1.51834936313196,2.60774176876019,0.664460069354678,1.06183974026817,1.52911904358063,2.34902875252148,1.69729448371221,1.99371160249993,1.7331902103798,1.91374121938418,2.24899468536764,1.247322131792,1.58208017146176,1.7289078414721,1.35565159470596,1.18233635791227,1.33657567395215,2.09257584856352,2.59736630056373,0.667980332039917,2.76107752823426,3.66031428013086,3.04926531632524,2.90263459376538,3.01488685397582,2.74038751754391,2.81417972368806,4.58509318088663,2.74431613227409,3.73999934317207,3.23191387812947,2.18413048184778,3.77457632772332,0.223720875468845,0.753414858086717,0.353101127348449,1.95645277958093,0.538698286506252,0.675954984916271,0.140816198193188,2.16045320944565,2.27959966167011,1.1981520535648,1.75182964606042,2.32678401812389,0.911129003391486,1.20891738556885,2.11844301632876,2.14497790342516,0.474932766411517,1.13405745730658,0.976103500825322,0.587141919862414,2.35024635399295,2.1590078804953,2.68691161466008,1.80116588300332,2.81974191664812,2.48668756967476,1.72527210871537,0,1.36218121612181,2.4428272681783,2.01128745913549,1.64800760936818,1.02748156331507,1.6497125386515,2.09105231623844,1.84181810786554,0.347842389357478,1.80091148123143,0.148873804729263,2.27711878078945,0.292383180150519,0.92210243099314,1.81816077998352,2.44182787328079,2.07302997268561,0,2.0539098984262,1.80859558559842,0.390203510192801,2.49750906686338,0.774412426230487,1.01007613374647,0,1.29302669840022,0,0,0,0,1.20556181246512,1.99705797100341,0.888649905863654,1.24860462363116,0.537299363551279,2.85933027607752,0.370869697059847,0.968498640554248,0.370869697059847,1.2635215535351,3.3964476206239,4.23787416612239,3.31609380419699,3.42984331901812,1.76141662471585,2.73311009164878,2.40060608712781,0.444226816146955,0,2.41896070805602,0.701244390792565,1.87350932666013,1.53224510703047,0.701244390792565,2.65125569824256,2.61929047618362,3.29724922877991,1.70275450719349,0.444226816146955,3.24192660503345,0.487886912873117,1.94790683297295,3.85944280370127,0.0209924281992019,2.54620914070306,1.18983737282667,0.493871718002321,1.43739893523113,1.3549828857396,0.0926536086363854,1.12451404551819,2.77263714177676,1.07405467198506,3.07018503530112,0.228875231584234,2.49005370423798,3.2975228042814,2.8736024062594,3.13995086327931,2.07396955541054,1.75964572626228,3.7758586009537,2.32073659311992,3.09506483625242,2.00807536479011,2.47676360381631,1.44611583577449,1.396044710098,3.0920435028965,2.44412298055515
"V7",2.2710737426616,0.515459965093706,1.83398885804865,3.65832770501657,2.11545411771386,2.70700336741973,2.42434503648209,3.46500159311114,1.49989090729383,2.74274510090999,2.81485295542262,1.02439559849111,0.790525582529262,2.89708955247463,2.25343791551482,0.566045669303858,3.1854097873036,1.47551983978197,0.58713362457112,3.67688351070035,3.76947169573172,3.07309077895693,2.15584253555395,2.12261951338735,2.46513597020318,1.50301829856144,2.98262294485855,1.90655896273507,1.28991366613044,4.53252296795302,1.76924278837504,2.26525133922829,2.83029259472359,2.32709813417359,1.96025261300217,1.2740181858993,1.75014504604563,2.01090449845856,0.584388195138302,2.03218243187372,2.7646283283756,1.86690339787558,2.42283440801181,3.41076987052224,1.04800295538527,0.8987488357033,2.05743690315093,1.06064481021024,1.43308649387454,1.26461185649631,1.66720030399554,3.45224022524264,1.56964473587878,1.80693704265239,1.37698655319318,2.28725209161723,2.11439638840615,1.09515873108117,2.44744145397183,1.95906863053166,3.30868318052754,2.30765778641891,1.71390370593794,1.42459879424738,1.08270180052231,1.95332284895158,0.888476787825457,1.74211887500091,2.63638646740553,4.3076057723317,0.620539039837261,1.86381605246422,1.01167005764348,3.14823627817154,1.11952894655439,0.598661119789786,3.12828944104139,2.07813870078549,1.66766538489037,1.49558251500485,1.59179442205853,1.53087568926354,3.40782011413766,2.61442465496603,1.04665260692171,2.17863549237896,1.36255376363591,1.09616927820166,4.11602940802828,1.47041576568378,1.13756521009636,1.52388241552582,1.21585934401348,2.24496838484428,1.66440776976909,1.21768237756478,0.2548393118719,1.64021380862674,1.32085905572891,2.70007777335138,3.33264365917524,2.23652234669506,1.27908409582492,1.08565125506013,3.82461916224341,1.78168919962248,2.52527442268724,2.36019112421744,2.64272330013307,2.11993740705534,2.14107832750815,3.5024231170317,2.48794989348921,1.30711790570304,1.54702078421506,2.12464188651303,1.79528611437717,1.98443928967679,2.99072639327393,1.77333842739451,1.44039732670549,3.76337605737896,2.47569139620387,2.22405856738854,2.26640221357394,1.52288846019863,2.91049448839551,1.05006621873812,2.23355102414244,0.324456949386181,2.85278704961845,0.508616360907229,0.248055808214319,0.26747802816088,2.90456208754236,2.74405069921652,1.90729503214929,2.22078693683866,1.25770467385928,1.79145577923296,1.17561463304931,2.27906051070587,2.25455480677024,0.966208428289323,1.33258780078308,0.913937365292261,0.472451768384701,2.62004127835585,2.07943853566237,2.93348517610072,2.45514084627976,1.86289237968609,3.15047867288323,3.02646700833776,3.31955695273104,3.79783850640068,2.77697969177622,1.4593455504748,0.715638686766582,2.26216009341381,2.74785718876839,1.08706338489653,1.98679090949844,0.786677829963608,3.10147298120057,0.229388655829304,2.31935422880644,0.382015964882378,0.306490521744364,1.14450475564503,2.91575737444474,1.22171457514011,3.09376234366133,1.20941953314996,2.56835567112221,1.8080400241131,2.07239300600977,0.571925298927526,1.65046542677871,1.0561011277984,2.26622775007761,0.97737967907735,0.902026245578238,1.66079887376807,1.76048959830675,0.907541840396493,2.48362090098453,2.07422437598539,1.99831271760014,1.83999206818313,2.71427461588067,2.34653990936239,1.88095045896344,1.96268109978531,2.06218687875766,3.31452601883761,3.76738044350617,3.06665090730733,2.73889845257007,2.94533183142579,2.00543425091832,1.59280707077661,2.57484790855832,1.47884914957305,1.99872742350165,1.38876239261032,2.44199498844274,1.95972460039078,0.460649560239733,3.21171363489525,2.25984992382582,2.71896002819007,1.36385178203309,0.25661827659368,3.01168094870715,2.02286711234534,1.77084490327009,3.57473029735738,0.237939874970391,2.85174234423159,1.62662869520238,0.427301165842706,1.21772315006055,1.27320734440302,0.2559691594508,2.43308271984215,1.52580326473353,1.19689448679002,1.63003013649944,1.47501461730586,0.779044862841457,1.51460119811747,0.920325523565827,2.24635961807443,1.19195557792558,1.43486561668234,4.03351958967931,2.39146751725349,3.73032919633249,2.11444668952882,2.54408093106546,1.28152088269583,1.22759344988807,2.89124295050577,0.805937144229093
"V8",2.48565930143873,2.42676216044833,2.55964583960205,4.26504407244633,1.06399834183994,2.17494720492116,3.46184085160029,3.79730745026052,0.973219083503863,1.85172085912037,3.12736479443464,1.74638225011325,2.06261929872471,3.14324922746403,2.48271351712148,1.20012353563727,3.19612769982197,2.14051779056848,1.68099491433861,2.61033946739999,2.36682798779263,2.1132845724123,1.1342771305889,3.2220898634404,3.20305310241254,1.00224195098349,2.2333675176936,2.44794437926047,1.85060421378807,3.07099413954721,1.36492809219989,1.70179345138541,2.53512670214276,2.89759414772402,2.79131612952501,1.82480694064039,1.62181944817241,1.1077637403496,1.37576650706667,1.70666777578733,3.54079873358974,2.55620516070268,1.51438195419938,3.66593619600028,2.07573375396875,1.60450429717985,2.87232649115284,3.6921615174414,1.106781493,1.95716287606545,2.45737911640409,2.3884241566359,0.356597080093274,0.733161758335798,1.77520202085637,3.35463756001273,2.00598871720576,1.43855791371383,2.5877367687143,2.84683210458785,3.65987408408029,3.20996299711434,2.35122657081837,1.42912672754537,2.2266633186989,2.88459153665926,1.1880242284852,2.32322740790608,1.17032095159781,3.62762772490333,1.18152995751361,2.04944971435712,2.05837692290154,3.43539871643004,2.15229138842829,0.678927031069966,3.80375963772087,1.49556458446465,0.914027954664125,0.953368658297232,2.75252850917004,1.85521709350938,4.0273093534494,3.73601151654454,0.968252825615163,3.08330940933834,1.32991835275139,3.73392234600858,3.36856979807907,1.19334380436437,1.56339465190315,2.39218849776307,2.09531639758885,1.60630068814304,2.50773406761363,0.764435263131093,1.82874078563254,1.26778107009402,2.06673685624457,3.26464607198266,2.83526259426305,2.17555663935324,1.73785004849536,2.45892286559008,3.09127726560654,1.99587651338091,2.31647765915181,2.73090641213132,2.36318385477832,1.35137419129586,1.77287692989338,2.48116878269518,3.2838576291276,1.63318188349218,2.34044245717937,2.71853208658941,2.03245108877898,1.46890168509659,2.31803499294851,1.87274061794463,2.0837462085178,3.22609307880573,2.28857950017107,2.39836570785919,3.00212123899196,1.175053752433,3.54452751577378,0.425713365496559,1.21373590744415,1.95128688449884,2.26443713245272,0.371425936022493,0.359914835848828,0.701488557048343,2.03035132297886,2.94795167528964,1.77357969822999,2.27063793734752,1.903112911934,0.891188982498732,1.34689248427819,2.06198882166933,2.10143455221211,1.19979904516105,0.928903111659658,1.33844152320719,1.44010198531175,2.48477121524354,1.8970628280915,1.7729313667904,2.15595827176223,3.06587781008594,1.62988955645925,2.20690361431268,1.52350119863223,0.560558786243385,2.01962741305367,1.88241162964422,0.305965478999172,1.64565460441759,2.65383251038819,3.10807439176073,1.08499689891816,0.214000778422689,1.01427528929001,1.33282408305308,2.90616687028635,0.923759079269977,0.56648808965583,0.444686903393146,2.83822922112092,2.0039978529645,3.2405428199002,0.20077125104446,2.44544128790073,2.28272960333259,2.51544229226792,1.68992114700232,2.88504779968684,1.17927613668984,3.14389203330007,0.959133170674161,1.70381962991351,1.20806748869237,2.55039234451478,1.81097106909644,1.42152893609811,1.87539593933501,1.75441219877733,1.58239456758299,2.8434462858439,2.40525558448873,2.39621435332689,2.35898749987683,2.95050743532663,4.62995869083708,4.04460898895784,3.60693934487371,2.8281628821538,3.3220082569442,2.00743170262556,2.7217863094901,2.14344174161651,2.00299895455282,2.9458131059506,0.638913713461258,2.45540628061821,2.15054396211125,0.683570892091285,2.60723158770002,2.66229706023082,2.69154919452998,1.74319671462112,0.960233650509264,3.1057864112159,1.90494843392199,2.43994185870395,4.39925213435724,0.767043163464197,2.71013023770574,1.21342094065831,0.633194698427957,1.81075102124827,2.16170496743787,1.07407894412416,2.12794021018796,2.1211781617123,1.09521786195173,2.23739881763498,1.01289455221463,1.91404665297643,2.50865597803479,1.81607856695871,2.74544473867074,2.12776979621171,1.63553776846426,3.83799280738577,2.86778706620378,3.33029181111213,2.84430292918199,2.32391629530449,1.38841921028233,0.522934371884184,2.64297866048992,0.986598091441009
"V9",0.255480678089956,2.47841977024971,0.157395998715227,4.53729438161176,1.89429652492494,2.97313942830732,3.2629704381268,4.66431171246827,0,3.00875904531069,3.35683378548265,1.70070597867312,0.217975055056424,2.91348578838092,2.2343960692407,0.144237885440174,2.50171447403425,2.71769523160041,1.68773267511791,3.82113442160511,3.84362155243611,3.13988458935611,2.37346394018802,3.11652807764844,2.9818952555577,0,3.49494064682011,2.44011699622715,1.32022755252679,3.77966386630803,2.30056915557167,2.06745475206784,2.7525118509217,1.87815516982624,1.66792889471656,1.11004930569679,1.09514901322764,1.69811401388312,0.462983276209999,1.75613502259576,3.66386104702804,1.89327590284831,2.17833757545447,3.37728556339214,1.89664781938329,1.49038556566768,2.64085766318196,2.45671215562574,0,1.44424618081799,3.16291418966782,2.195629565766,1.17512891159931,0.450222711525851,2.19411412155723,1.86237114976866,1.71385614655983,1.90009233272703,1.97648085886865,2.14783847415864,3.08968271208706,2.66511442176412,1.98408735916141,0,1.62780294933067,2.44047861368362,1.35257131917467,2.1200795274303,1.14568738411051,3.57876903042875,1.70184301123506,2.2028367084096,1.81744339291589,2.613613109594,2.59014265585935,0.481169821636798,3.1376814031273,0.962250025613463,0.774428428119294,0.281287438418871,2.55777700010115,2.02671795866653,3.50798684291866,3.19103502084072,0.738568765952107,2.99595337100554,2.4811009666641,2.97377712706622,3.01964461040173,0.0035072987692732,1.2219171553191,1.63777065228292,1.53237482892224,2.91753430634708,2.59905771456009,1.74164475354691,2.18328249628993,0,1.6441990595541,3.18896196372792,2.30840273513698,1.9634579302222,1.31957656287048,3.00279347351236,3.88804058547245,2.32949600470382,2.70352786822387,2.69593633395113,2.19403802746818,1.87116054992165,1.6800063150127,2.95301194012218,3.47002027864744,1.26948704900994,1.80015517233972,2.49707877867563,1.62906086401849,2.10644864589814,2.9323373080193,1.3654602487648,1.92291613747622,3.82817980963958,2.50494972561864,2.19455604946789,2.7333140089766,1.42487382887746,3.33290771512874,4.59334762213055,1.79222944458063,1.54032465654827,2.62291988934333,4.24118030102251,3.06173232648367,3.80929021064864,2.63083080786306,2.37708292072536,4.48501032965986,1.84896671944006,2.0814251321969,2.1346877824718,1.21796209766953,2.30960404740694,2.49111030593387,3.47675226393976,0,2.53255760958623,2.06630123513808,1.58534596056593,0.983187413894084,1.48131769568788,1.57706402497652,1.91448128846688,2.31780851816885,3.06146209549301,2.47943827136934,0.753862197492094,2.23345436289662,0,0.903321403726311,2.30119533368165,2.16950777586337,2.60716313190929,1.68739874366874,1.17194233628416,1.79633414976515,0.973308925482866,2.5071722718107,0.795164715042146,0.801886429982362,0.887474972049082,2.6052705785332,0.717825420354271,3.41401828216958,0.876951106687404,0.604507127602982,2.09927748215978,2.86539701162563,0.971012877958948,2.61320523213186,1.32097324989442,2.62544167582572,1.88764516244947,1.30858967002945,1.68577496038215,2.12832208150458,0.949425634895476,2.18609922793333,2.16295792522881,2.27834724350601,1.60879587978178,1.82387092742793,1.6281965716154,2.11025347975738,1.86880366858724,2.85373003435573,6.75487723885046,1.65074136781595,2.50246296596863,3.76394339389648,1.72577802405882,1.13258708984622,1.02935692604194,1.00488664648074,0,4.02736295619336,1.57909147575053,1.47160333508821,1.62429472204989,3.29588049871849,2.20013345662473,3.13141209950905,3.54754237296071,1.5131514575688,2.86067514519553,4.13448751003853,1.40220847008892,1.39794356031855,1.97821908608225,0.454082450122169,1.55594201341952,0,1.0069801088145,1.3891157349204,3.49806115780603,0.24566237407183,2.74103836881051,1.27697757823878,2.40484172935237,1.93863898644056,1.3692154666792,2.46984830212665,1.40649683251214,0.749885928432655,2.48100408910288,1.55214636406446,0.973274986385437,4.11916591403786,2.65405920877247,3.04901590811529,3.3600163688619,2.57986959779502,0,1.18319146438906,2.82449814426938,0.584431381648204
"V10",0.120315440100194,2.11575207410705,2.81121111316549,2.66722671807113,1.13886571630384,1.56516491704093,1.88915269311275,3.22413684599392,1.00312922451948,1.73434691537349,2.20394384337578,1.67883059723661,1.68243581007604,3.7452071801259,2.89311995633677,1.31337886498522,3.28622331996951,1.68169970761495,1.4663994013949,2.45508581618182,2.58524725407316,2.05445900003435,1.58784040938755,2.27116551160643,4.18456228937606,0.905132040163074,2.15937307455273,3.32517760043434,1.99629609053777,3.41801050327376,1.45054316518559,1.40091737774248,2.2393780315161,3.03974807674982,3.33303423763485,2.30870763068858,2.46351694987555,2.04054682188555,0.920537871058667,2.52037491295977,3.40611486052808,3.04266909782278,2.20409633063645,4.4090385254901,1.37627099875078,1.2568971298727,2.5379409243236,0.997385763598591,1.34307846743392,1.07126652273039,1.92695042572207,2.42150246856163,0.178625688406907,0.638162108064029,2.35294797690775,4.47902978687925,3.51504489669326,0.782085297090935,0.968586683745582,3.94879147712243,4.04111420820202,4.1624811724245,3.26228008573157,1.44259929340467,1.56018907087304,3.89285747335327,0.678645951407925,3.04026394572449,2.27253539809869,3.98003132231425,1.70442881976715,2.45683325572506,1.41015992648115,2.87870927470983,1.90809960115624,0.301141775662314,4.23574237138259,1.31302990099867,2.19253735201546,0.296153729545586,2.5054001032257,2.25158616846975,4.25853765538544,3.52166910136768,1.01913637965364,2.44193966726361,1.32939346290141,1.28044015305009,4.2721709587229,1.15345339275215,1.20853784766544,2.75277928940446,2.03898703686216,1.41504255017894,2.45998809319454,0.856631187196339,0.687921510672747,1.31711173164131,2.90740804379746,2.701444522026,3.32303275886898,2.2998889798278,1.76134078808481,1.13154964125916,3.52309772213579,1.63509081204272,1.59328335266957,2.51201069448779,2.00752882073421,2.14921595387954,1.70423726460939,2.46465530451997,3.260430153649,1.57154367420937,3.39738047114359,4.23433077629461,1.85786763945348,2.26887482453972,2.03635445636774,1.38070059698466,2.40313493580242,3.01059857318997,3.10307521194568,1.58262339270246,3.5418291546961,0.921914344812059,3.80030178908885,0.311265615526997,1.21238180066549,1.46034718861346,1.3768759013014,0.357499188839953,0.163013995160766,0.241102078217306,1.75864256820574,3.5159803048275,1.31212570305256,2.67205367459693,2.36989620705484,1.08143771743468,0.929199416494981,1.40728536482018,1.6571138076913,0.645312909048981,0.975349678444571,0.779864313995947,0.789571444599902,3.75414162669935,2.77923424936098,2.63568915180681,2.72364582945103,4.42973411897452,2.24137310487814,2.00990550117403,0.156976493869777,0.531524193627809,2.54976970002396,0.80509647065139,0.162738048710105,0.96700678503822,0.92761594022241,2.19505792954325,1.23104632289819,0.686899491905145,0.819769512826688,0,1.00628917334737,0.0647559178958711,0,0.144327836402401,2.76313976160584,1.03576887489915,3.70180902013362,0,1.69898107033307,2.79375646453934,2.40887371655102,2.34695778004127,1.71852626079396,1.50569531872945,3.80181095797441,2.26208068687535,1.96925935862011,2.3289314475985,1.56270789266201,1.91353845953285,1.42817815555761,1.01171429627045,1.50407754171016,2.06338066167474,0.667167207557869,1.03433177521513,2.66109957801716,2.99770374111392,1.54029600455486,4.95872498106544,3.48214435162413,0,3.92128362906563,0,1.55362088041835,2.13500887353365,2.42939102175148,2.39116021372776,3.13189101836647,2.26083196636483,2.65324737715889,3.97112360241984,0,3.34893264286513,3.67901643640752,4.29580406845298,0,2.83218914352638,4.18692718807369,0.916448896396552,3.49706697103244,4.30345319789898,0.265025124460395,3.00477216742612,1.05713692984991,0.878556907427025,2.62455723806914,1.94290939823855,0.66387718260717,1.07490358441185,1.45919733192825,1.66014490243852,2.03841076414735,0.532352994765056,2.02052466056701,3.1319697296123,1.56900094231264,3.88451137454979,2.01093059713728,2.2602294684547,4.10979717974131,3.54736113231907,2.87114378696214,3.12342409518039,3.191525094684,1.17693277623352,1.21127154238402,2.40226695804835,1.61784352031354
"V11",2.12102652201391,1.16229623660387,3.02784962042935,4.01328067184629,0.757076402408372,1.33697872680523,3.03854585583009,2.07600062207269,1.10184236968593,1.5253384605826,2.61486884094809,1.71612287979806,1.70059121420895,3.76717507959972,2.98787337030031,1.88999928956951,3.20305203587294,1.6177308278515,0.64937625318734,1.82403797438539,1.97673187481933,1.68247586576109,0.796404160647409,2.75049467653214,3.89737094602538,0.966293078482349,1.88300335740217,3.11119120859489,2.42417582749685,3.50453811719926,1.2337825347404,1.30772376336503,2.37502036781702,3.01929665181141,3.33438273277309,2.30899632462673,2.01467392719824,2.14078242918533,1.63616775775279,2.14829292818609,2.89430456335859,3.01780447120862,2.37276140140396,3.99410632631089,1.82136635267399,1.33114546704653,2.73522865146212,1.24961197419261,1.27807791305238,1.49945209619329,1.81170790155423,3.13605948540316,0.323389321154704,0.514306490076252,2.32756047156419,4.53555864931424,3.06074704870044,0.973975701230264,1.28495870407594,3.993833665766,3.76500044754318,4.22729648519174,3.39716162863029,1.19635368587487,0.682605824380365,3.79236885809274,0.561626695417403,2.81691210386813,1.5536278811622,3.6310348871638,0.869699549751363,1.89683994150472,1.9273973097551,3.40593722464816,1.56444523275872,0.0705511109919651,3.86910889451105,1.45623268250351,1.44793067457807,0.462238189977799,2.53665156278246,1.81444992181281,3.95500981421331,3.08449536765639,0.0092907250719624,2.68027823377444,2.11415976992147,2.37301490546766,4.18611193086481,1.21586805462816,1.17964028859411,2.06870180858437,1.69246814716592,2.85788034979135,2.24049077380384,1.18720220908353,1.22645077481672,1.40036082888234,2.86473330925211,2.96705852999397,2.69181884065364,2.59276212591628,1.78822010478773,1.63116267251937,3.08915865282188,2.26198127596839,2.26267815510794,3.29795658631485,2.56952604913213,2.36483779227001,2.3007256460807,2.90525368357271,2.55916617512427,2.14089132553172,3.60720454974836,4.19063304855638,2.62169089806917,1.69286217469492,1.77540519847439,1.73205571704794,2.74459945026899,2.88202991375413,3.11634745441528,1.85432664602294,3.43646285466903,1.62592305500084,3.7389126189151,0.0992546697223319,0.774577451460117,0.731702148480183,1.5158458854474,0.468161501834453,0.112244770332795,0.323568877895097,1.53409910790228,3.66271986148414,0.936479401099172,2.8091204351763,2.08683948370595,0.437963234236037,1.24717814305919,1.72452875271273,1.64404076339582,0.698465556247888,1.00378482762412,0.855978044061402,0.729212567076903,3.69979690633078,2.74116028537349,0,3.72364110434549,4.85649474844553,0,2.4068581847456,0,0,0,1.10093743509632,1.19213010506609,2.70922664575453,3.06319053687506,1.98909710234283,2.63474618844074,2.25101297811715,2.39327934134562,0.121299935258231,2.64844856811948,0.543317406202303,0.22946509227315,2.05870917220786,2.86112740033959,2.37244006946346,3.95808530791969,0.54501698851427,1.82050528580224,3.20411419898144,2.63913076784179,2.62566361167835,2.12021680569559,2.59790844926823,3.6309703437079,2.68373862596183,2.46705682274939,2.37249650454218,1.43090242163203,2.5746550871519,1.29708844398011,1.29219294407053,2.36667919219093,2.24108317082779,1.86056951671198,1.76878409028148,2.23679562918397,3.37816509401932,2.41128387735708,4.59534281844438,3.15416168538455,3.22688871966792,3.60033082610381,2.69296437750287,2.35590612762145,3.29568136614946,0,1.9458480141545,3.02443699608172,1.44439199316591,1.7028473340483,3.24962953659133,1.23462129456129,2.34619130511638,3.4487146413795,3.3184473584874,0.980829253011726,1.30965517751007,3.47206778247335,0.527303258770174,3.63100864872283,4.06794534801558,0.0606769718743242,1.53468287625925,0.905902655509475,0.914214146901221,2.81041295362676,2.10007677030253,0.366510593795446,1.33077353567275,2.56920376628368,1.41699550217904,1.97563477946806,0.680724892073888,2.18414147291549,3.8042794018144,2.47243062582618,4.9829091541716,0,2.10828955316312,3.66007955005239,2.76985424068534,2.10828955316312,1.89756254772799,3.40338704341489,0.791040775409983,1.22711740621255,0.791040775409983,2.10828955316312
"V12",2.80718213987221,0.250451815405033,2.52929014713833,3.13028901632482,1.29882263008333,1.69569095623137,2.1228505423563,2.99461078088119,0.0021228978554449,1.76810336867161,2.5527480769364,1.9523423818665,1.77996050232346,2.67222571688496,2.21494131534096,1.62950776187072,3.56292797413961,1.64286595565296,0.0729332698993776,2.03627865507052,2.17346366812947,1.81871567492394,1.06103313539002,2.44163952940205,2.882795151404,0,2.06945972058891,2.32171596473568,2.37794848196558,3.36635422122012,1.00110019808583,1.39975136503174,1.88981637919039,3.24072712282495,2.44666832205449,1.67588770844617,1.67295064709783,1.54338178409426,0.650974746761338,2.22697964959124,3.39181614951448,2.56893250271651,1.61963067168095,3.7681990589545,2.36789698253098,1.68005957986968,2.59323841418208,1.70791677797605,0,0.905755611526759,1.78172627570635,3.27713293868709,1.54821047147518,1.84804281242412,0.908929639721492,3.71636939084506,3.05130148798785,1.53449537905407,1.60116858615903,3.27045861833125,3.81965706287356,3.71075894897459,2.79879870768894,0,0.979459674855071,3.14910037514679,1.87208286868809,2.57239251827602,2.8923046938163,4.48238793907883,1.41996898357593,1.97208085892733,2.57115271105468,3.652869654175,2.08688444788552,0.168675150498126,3.84362372393717,1.94257234351358,1.91507686469327,0.365138205935101,2.9160204792937,1.54884914950952,3.85851847764604,2.93000940125442,0.280278246991978,3.04434732082513,1.48991508591221,1.48810688194024,4.91050276663554,0,1.07080498758596,1.99946014952844,1.51012730463054,1.57701729213205,2.24207802813008,1.05261116741819,0.898016708199846,0,2.70784469911456,2.75958170273569,2.23954532374131,1.82832876525651,2.20573147000808,1.60877240519992,3.34779458216081,2.17058915459997,2.77833828007855,3.25083796599281,2.65430647691137,1.74708592794281,2.31877579441737,3.41335874430194,3.15538291856466,1.78725573204725,1.74634266293706,2.82847564528237,0.952934939275826,2.0934211618082,2.87033093418213,0.914504673565816,1.48596381275148,2.45410122715498,2.25805901854062,1.71914756807876,3.17027968628344,1.18502257701453,3.51207707068232,1.50670421468059,1.1399613248921,0.516955574639314,1.73060080030352,0.193968726982,0.570903478250013,0.312306849037788,1.83391251947493,2.43021156674623,1.38096951810059,1.89118740248971,1.54022259757318,0.998430035224562,0.80059523118544,1.50622384283557,1.42549951950264,0.71172673112085,0,0.639420242600706,0.418141845832957,2.50795006690247,1.4721460052738,1.8503500790312,1.77677974379056,3.01779165528843,1.83252593561777,1.41792421421539,0.279419736204048,0.75493948127092,2.38690251864053,0,2.47370097779017,2.33639880505071,3.7026377390128,1.33643942372536,3.0882143890352,1.92529597958264,3.57074355416847,2.4658764448778,3.18216753016887,0.721075509646854,2.48878762485461,2.00245691502261,2.7791729956072,1.630156322751,2.89703239547594,0,1.60478130128117,1.81200317965187,2.66114348526966,1.19394902939044,1.44764415640819,0.816889112512377,3.09611111915051,0.859648044370207,0.832957756245473,1.23579046503865,1.34081564901157,1.28259463353724,2.00274316987436,0,1.31064380030513,1.6330136612157,1.57804296963569,0.377686190346024,1.77486169111337,2.13576794494868,0.984282841233113,4.21319208002507,4.05025827215802,3.1876574030722,2.1103714724877,2.44583693569104,2.65514719378809,2.81522557981846,1.9010158745389,1.32909874027104,1.19031061149692,0,3.00015038868954,2.28371156680447,0.670679754046403,2.54912195144149,1.83202779299641,1.77262885960859,1.34014830002552,0.51967283735747,2.44652178584129,2.24184472749301,2.69489547524167,3.80259001394614,1.58287952833507,2.69700601739436,0.010498409344965,0.733621642767748,2.35948706434324,1.76124978032739,0.132886574944522,2.24324363323541,1.23887739133993,1.31818883211373,2.51856171182228,1.11086555909112,1.58439798277506,1.46032578879832,1.89493446994274,2.75843169509058,1.94602597282959,0.573284052135512,4.55002859742025,3.76554517936305,2.72251467227855,3.55539394564275,2.23100812624546,0,1.10286437219143,2.44173297370041,1.03626791727988
"V13",1.56599042730306,0.379889109177046,2.46272317159013,2.64651672536383,1.43368068187098,1.89057769430527,1.50617653229631,3.00438099732311,0.956041739749378,2.13108347932801,2.73156025132086,1.41310020766411,1.00546372785846,3.85630082572005,3.47296889511426,0.945537886189333,3.22842151319008,0.73751477600333,0.137300872773977,2.75296791939448,2.82996279231014,2.03329742486918,1.42276542551445,2.45617584806786,4.09987411692274,0.937464545948304,2.57729807154958,3.69994725956363,1.63005774509891,3.71065772399345,1.5166037630588,1.57083071632197,1.85192165825021,2.78431861760648,3.42146091772419,2.73927118507293,2.44277894254948,2.32488413705489,1.00888569159408,2.91295861890433,2.81915324367265,2.8849007521199,2.51324216649845,3.79711864343665,1.2116923877574,1.78172081029546,2.16633284566778,1.46274131957118,1.45346882608147,1.10072875437418,2.31788341548821,3.42620183333986,1.68684289805532,1.19562440472887,0.822334314174743,4.59558395978258,3.3409859111491,1.38558095338728,1.02680288223177,3.63318769040642,3.89945665401836,3.97979886174786,3.60539279246584,1.21314490318592,1.06737105058451,3.36442840169997,1.04466947826018,3.06383272343297,2.21929673756756,4.41995087330575,1.18219132324186,2.42700032180027,1.01035650158144,2.87786737615635,1.57006219230193,0.0465167691082705,3.82702331907305,1.04356499384604,1.63765203846488,0.366015563726653,1.44723163575578,2.22017336121496,3.97319182258169,3.37399855006183,0.266057630442955,2.21322761765099,1.30037111641,1.28613346575359,4.62328634319256,1.29138805465299,1.28775257466005,2.47458156736676,1.70723747892575,1.65136696948363,2.53938717271749,4.34426704358037,0.0313662647577489,1.18432392554575,2.5634636654483,2.79196751641182,2.44479750925911,2.88310205224213,0.955876643645693,1.53492532930385,3.65104272530312,1.46830083366793,1.5055707830588,2.018991523082,1.52058504503935,1.82307121774591,2.26582460965112,2.32743251702794,2.63108568341114,1.07316739067479,3.73594291295447,4.39577848747963,2.45336727969063,1.36991297949288,1.74951553769693,2.5792515369433,1.60236017594292,2.60715052938961,3.29180567408052,1.99838665699068,3.51386896402562,1.57664310262473,3.99829754233658,0.162184292993177,1.46314886248021,0.182576596962597,2.29868653217372,0.269887134498525,0.247343355305244,0.296492844105166,2.5400075555995,3.71772208473379,1.01422643019008,3.30455250492272,2.30841225394794,0.958436356260955,1.39370179126214,1.84863466413752,2.22748482246905,0.753035842655493,0.913814148054972,0.733142185181016,1.05544487604386,4.55661592723885,3.78588240078523,3.64999856075477,1.57965353397557,4.94774570339058,1.51366711892498,0.804282369894558,0,0.455567010784416,2.31018858215636,2.29840077559033,0.271903963780818,1.42701175898434,1.58630483992423,1.70654235249444,1.69059859104807,1.38723436062168,0.860908202567349,0.680768743605208,1.51343663028064,1.07874035864095,0.13388051869391,1.1573925084452,2.98815939822993,0.420906891762762,2.51412475561672,2.52425720265442,1.96838115052376,2.89773404270322,2.9512361964743,1.28950874562111,2.08063012788342,0.525137796324019,3.18334252559195,1.83994756191242,0.327972253995764,1.15477001456727,1.70346631412405,1.05939401212692,2.05525560786051,1.57590803079054,2.22160422450317,0.987973741794647,1.88724915117212,1.44925514221857,1.94620007172721,2.22726049915783,1.02962301608236,3.35363096665602,3.76035662328295,3.44164320818999,3.27819678290706,2.49644098641366,2.15737519720715,3.38465856812684,1.60620459592257,3.14458564021241,2.4832383091438,2.52599128869534,1.9467180003787,3.86914966245608,0.994210945114736,2.89144108821888,3.10415566558398,3.28522792919743,2.11763596496806,1.41709632635326,2.98436124451079,1.79429362702585,3.43702491200185,3.55979760191149,0.219738858695042,2.57433517647927,1.24358030825286,0.800644718288543,2.92974366191886,2.12590855246967,0.131089038712714,2.13787928942223,1.28202893357333,1.617550239654,1.76564358209844,1.51211660198214,1.39336963027998,4.42795111333244,2.61873137684398,4.9430359645408,0.323806602687069,2.40224487595604,4.53949383164238,3.56290029951394,2.24979970619278,2.94770871535284,3.66414912799792,1.37804597156748,0.543196422908013,3.19745398608514,1.29088062231649
"V14",0.0859782437044075,0.523744703093556,2.83250036917067,2.91463914693658,0.722526432217854,1.1963734759745,2.17572945744013,3.625301429869,0.978736275110464,1.55379553267851,1.87241311486189,1.25382917536368,1.71917241777562,2.51015962715052,2.01606138748156,1.68141418728137,3.41903847827593,1.39183785058724,0.107744199769123,1.60169451397304,2.12251218303775,1.27625012238169,1.05752589712502,1.81118311231792,2.75024213658381,0.919034243625187,1.8061221591834,2.22321649713073,2.28057203828619,3.52588926722978,1.30814475822779,1.21350173220679,1.90221591378412,3.13839759513186,3.14946437534627,2.19296100336323,2.42264649652286,1.77034133445839,0.991513031207578,2.52788375951103,3.36535001115677,2.87954341512004,2.15403475252976,3.80124694234189,1.77804314224588,1.23105956595972,2.52550007979689,0.779014927632185,1.22510628340998,1.18609623394514,1.60001167916506,4.08395947292179,2.11003944867334,2.00042213483019,0.977015743909554,3.47107151191131,2.83296265242807,0.734863373268467,0.747402327524904,3.07418197687094,4.13948285541428,3.9523731428592,3.02214719226034,1.25239632161271,0.940757812752571,3.7782976902215,0.957076438737067,2.88197899240309,2.6526250185537,4.68998726030146,1.25450819272919,1.89743557868656,1.42289359389058,3.32412076671868,1.30377481906282,0.128306939966485,4.09686104611056,1.3476724197187,2.03984598334924,0.395241024874416,2.59357908327509,1.42014938199945,4.31883955159326,2.25687097925796,0.379377420126636,2.94098311644283,1.01033479076441,1.40052444122987,5.13633798683078,1.07479780520059,1.2067607834994,2.46721873328369,1.75902037260621,1.40014760281037,2.38364504156131,0.598393777793266,0.446605438212484,1.20705697557383,2.88009188021854,2.26874903907007,2.69382694400628,2.65235215552429,1.88672017005169,1.01540334590953,3.46478002942142,1.93801270881935,2.18287454896172,2.83938631442627,2.7916348107722,2.23896298297967,2.61669397053179,3.25312128328168,3.18639624479473,2.11742918956523,1.65889147470022,2.61113571745646,1.24184033889202,1.50634144678323,2.93843126546692,0.978115236629982,1.54676152955974,2.67949635520138,2.23679718586845,1.61012417849741,3.52200061501602,1.27836416794805,4.01575362154413,0.678277054625131,0.549045391621553,0.317524744182492,1.25967919292844,0.267062497772001,0.0515057275494224,0.291507751403914,1.43079205715723,2.18725189958889,1.16643097125952,1.63398341868447,1.70290994956955,0.544992252440705,0.942761491604526,1.07519325970187,1.24480644841797,0.931282025643212,0.925189409908184,0.640839161735264,0.7639365903303,2.79100114880497,1.55372050965446,1.88918497341339,1.8998382716509,3.59134839218207,1.40374518490502,1.58596468439837,0,0.255471311186991,1.16549188745807,1.61038719522841,0.0575987085514228,1.11262277199562,1.82612175107409,1.76092094784143,0.632053832653082,0.129265198282064,1.31864088409256,0.0431579470598002,1.27335480312356,1.07096412166819,0.40731181354951,0.944440659322168,3.20858022303812,1.52081179013065,1.91764097092436,0,1.71283973696884,2.00543415611351,2.48412692081712,1.64054347035422,2.15494507680836,1.65679244348349,3.65202756978834,0.656846855349526,1.48200145934277,1.95651848222315,0,1.09166097242967,0.430433204600868,1.82010160101433,1.23325379811819,1.42524472362647,2.17459371065023,2.21447061823501,1.71729392475256,3.01329208082318,1.5656867644399,4.23173838334657,4.05941875097113,2.57462429201118,2.79398521946723,1.64187583985337,2.76435917391239,2.96558624163938,1.61007310215042,0.761119059656963,2.34137661111484,0.502023303492995,1.86901189851914,1.93919436354265,1.79248830630237,2.84498840123649,2.89381764450542,2.830662538184,1.52743923542017,0.341248282053421,2.81227409647495,0.943124693609327,2.30032742482186,3.77361274109026,0.0101092108776972,1.99280560147655,1.125867270445,0.771992254874095,1.67550076510907,1.40672493876612,0.451899277694199,2.02778212461983,1.64151178398613,1.41546650388335,2.20876594754358,0.732308354434462,2.1751968301663,2.03773104103922,1.69502968278633,2.85150979406434,0.452391113422587,1.65441030789467,4.53360847241196,3.61994663287947,3.13263413657048,3.11212445424177,2.01834522661421,1.26674067216871,0.442309464878047,2.34553323068877,0.461949142677773
"V15",1.93626161064568,1.02261769651756,2.06386860558383,3.61340710589179,2.26247300886826,3.26651286077408,2.6677654408149,3.21265544337048,1.45122150827029,2.99296329276663,2.85237106368283,1.32724404419025,0.784523839639399,4.23552682341883,3.6062566044381,0.455972542761727,2.73781220841555,1.30858800779905,0.583333319964363,3.90359046895569,3.55839465950978,3.05511663769706,2.47172314896282,2.64286461527145,4.02975429515759,1.51236078026807,2.66884473765417,3.47483731791099,0.881808871399247,4.17461478375538,1.91841879376642,2.21735609802881,2.97242410894898,2.12284966863767,3.23300223055302,2.4399775640597,2.4612753381614,2.07411002559864,1.00752317103291,2.7100349542786,3.31123273451859,2.60145865406759,2.07258720320011,3.53825686498167,1.4145373967444,2.03855878549187,1.83821065024266,1.73762423695557,1.49696329412925,1.35958872837733,2.07531883770643,4.0019183432567,1.85644266644983,1.45379340164867,1.24890564655137,4.31438665717662,3.39268696741594,1.48611692670703,1.37710373450405,3.18961495852895,3.67664225511359,4.00402976394118,3.45669424841509,1.64042486585119,0.958296419871659,3.11178561510192,1.09501772135564,3.11246989267895,2.43811103788407,4.52341779775877,1.11024413748037,2.19494486283199,1.68502606334672,2.79923131116365,1.37351396034446,0.323172982916314,3.43252588243106,1.73003021269103,1.8248397334351,0.616743979221782,2.29104115728186,2.18927027793025,3.80748289533324,3.06732286050244,0.514961257457114,1.79355620953606,1.31855762984201,2.23990177413331,4.59425625516325,1.30077623441653,1.22117918572502,2.47393322089706,1.95209678354249,1.74810295353708,2.35004213521123,3.17976234576904,1.20074661657826,1.32148214754442,2.88523218359786,2.39790627683736,3.07942948750882,2.05781053116989,2.1927701490344,1.64953155338762,4.41719028556529,0.771265627174513,1.20440434280974,1.97057932836378,1.58892207983693,0.627313380267924,2.88555024914875,2.02953715632578,3.34423161617079,1.25045331346109,3.73264391522067,4.30169293531792,3.1078729872838,2.00334625076218,1.01441061941328,2.34294933449952,1.46430231351125,2.9311837417149,3.39756226349724,1.24801478251769,2.9230723112205,1.24984209605757,3.52494801273868,0.893270725379336,2.46442460472103,1.27275548245984,3.35287919157278,0.837336711698785,0.808689487645158,0.369001478228096,2.95966800114906,3.87917580341055,1.54456110878757,3.23187264929556,2.53532391907971,1.71417366656192,1.85088694247927,2.61016424566944,2.32316039894007,1.02333947670519,1.26549284578552,1.3319221271242,0.971651981236485,4.19944769484756,3.77329098787739,4.09757782100632,3.74766058137048,4.66936245949833,3.81638330084518,2.19547404475597,0,0,3.50917787790745,2.14842277905201,1.56531485885872,2.62379490086611,2.42407471171502,1.24803127115184,1.97191835322074,0.578661801620696,2.30186849286022,0.429472136365242,2.49333085087328,0.239442099947674,0.947937412984391,1.06140622545782,3.47478036542021,0.776254485044119,2.58365023854978,0.184629657476204,2.44137161566087,1.5021819970605,2.51147737642805,1.85292932018824,1.29422895861521,1.44035699523976,3.30796738933654,1.29185323054306,0.906147632419375,1.31604979011562,1.78885170894178,0.858483117954342,2.767788957268,1.19698481198924,1.72156538673549,0.951338848055898,2.26413588769901,1.71306818425254,1.50060649792312,2.10548756339944,1.32676595362857,3.27487849821228,4.05601459115074,3.78932653672419,3.20732241019205,2.36827870234696,2.608743159408,2.79839147768604,2.13200228543038,2.7596756543329,2.95415528163866,1.73137726086686,1.24702478823353,3.60331582847982,0.774242350352453,3.114670074327,2.84641540420922,2.87469049458192,2.84969925778126,0.822728764247092,3.40109720617295,1.5646848545787,3.45993182504217,3.60388963454886,0.118319786253446,2.4281754419407,1.51466760828882,2.24046052826744,2.91149204666227,2.11669537394957,1.09877549548809,2.35122917665233,1.17044173396324,1.33530301992604,1.80407104402224,1.15593269597792,1.99994267369866,3.99031493745909,2.89398493852743,4.39809829163106,1.31497901079161,2.83281046829377,4.29844062307102,2.66604110015299,3.03712840867574,3.13445076082401,3.35143624476859,1.54664853838192,1.95223997302719,1.51297716639235,1.89658212357974
"V16",2.47915702690782,2.95220655934743,2.18830193705995,3.33970165155258,1.6051760487861,2.24087969915861,2.337704937237,4.01513437075192,1.20930794045231,2.14621888823844,3.92330267598856,1.16269548098685,1.21244488111655,3.40063129452791,2.7454524050555,0.727528878314338,2.8273014774072,1.03257432449963,2.49878761354267,2.94928522501813,2.90743516320595,2.16454250170104,1.70250500624075,3.6636681787264,3.35711798377962,1.23155022098923,2.68581630941964,2.70874587343123,1.51619705145218,3.97895103172395,1.42976279733485,2.16803816270266,2.50171694314688,3.00627471221149,3.13586167662152,2.1488011887284,2.48718143306449,1.12242946724184,1.31223188406061,2.59742867014821,3.38203219071111,2.78677925640435,1.83744351405904,3.61748016357073,1.77590886944818,1.79472765474312,2.19255562197234,3.25892832303904,1.29838370071891,2.81882392482721,1.81765659555216,3.08077164228738,0.970233096141469,1.1295266152662,1.82502722116895,3.59184406548638,3.1536741900685,2.65871650896053,2.24444873810084,3.07468445963519,3.70350899850314,3.49126524177239,2.71407250802889,1.69744441787526,2.8370840121866,2.80221737096518,1.6921016839513,2.73975940921537,1.89247289966027,3.82711624021746,2.05866922141419,1.77260239332582,1.64109694513045,3.17182529556641,2.19635386368047,0.86719582808309,3.97697290072113,0.770775060888818,0.912963565674455,0.764101020377659,2.79739867755264,2.34812302913476,4.2087195202043,3.13710873749614,0.428849629512901,2.05021958959117,0.695287453950905,2.82886303180841,4.75690553099006,1.23416900354374,2.50594521651422,2.86529330181571,2.54237523997997,1.4654674724542,2.59518361751189,3.15475785114548,2.81437386511201,1.35740354607303,2.54442501056097,2.38365657390544,3.13341055479241,2.77083485830945,1.95611670148994,2.39804738211356,3.78723197427793,1.47774586553492,1.97278398759789,2.83108915911073,2.38566232304642,1.56485801017701,3.16101412139493,2.58163665136331,3.67587965573253,1.90126324527493,2.35196906357828,2.81690417404632,2.3225231514535,2.25008608488774,1.95948336199214,1.52845237317074,2.00641927827989,2.73298968058163,2.31714250669932,1.93519168342402,3.14698798060739,1.53448575658589,3.73704522569772,0.600334436997155,1.4099301073512,2.42250954750738,2.1511348089094,1.08937412930238,0.105976473006959,0.705014981273562,2.20156286789865,2.68688338599585,1.56528515129948,2.2681349571349,1.00570291821568,0.890990374595323,1.27102790276496,1.46014121263329,1.7862146304719,0.656869563668004,1.26175452269565,1.13521031642839,1.19362598943268,2.10016061254569,1.80187135120536,1.77654177772615,1.49080224065956,1.98932779961361,2.35188990700731,1.45277143767178,0,1.1053237232561,0.6259081917331,2.1323266157855,1.52865853850987,2.63154082384483,2.73915782994736,1.01273016535929,2.32497334556035,1.32264659127166,2.29782374920601,0.24905565649455,2.38054006235705,0.134049469298908,1.89505598518854,0.16564564982679,3.43930480748014,1.18854205626,4.16543536297506,1.39267078266535,2.06621006125838,3.89516221574701,3.47478142823951,2.20536422342876,2.91728288816147,2.24109261793469,3.69313320323665,3.05940969497252,2.24299750159617,2.84475656255263,1.79845160247857,2.88370185445601,1.34864183399621,2.49661521765565,3.67847212520221,2.86567308180764,1.626093601352,2.93067615448232,3.471355828196,3.66325096077547,3.00534609198481,4.37429141101986,4.26110874714493,2.74668325458895,3.42117112290309,2.12484564750287,0,1.76309620901537,0,0,3.2553291587805,1.58895669237282,1.97852072564188,1.75183777753729,2.40134993590678,0,3.00593382050204,3.35321821780397,2.34226785793921,0.974005828485231,3.93609863817365,1.68141979050915,2.6392740818835,4.42581747804881,0.0380960719941312,1.8483789696938,0.942542560722493,1.8747692219198,2.14344536726857,2.22320078435429,1.59478872022378,2.08753415312667,1.47738683233946,1.48087304428001,1.96634259920129,0.885608272760814,2.20905264056173,2.32822922069986,1.28312987930146,3.639366535296,0.858547677069347,1.54880182360462,3.92484394686741,2.91778125279494,3.04919307938218,3.19445863456757,2.29322010667713,0.961942049771492,0.924660793919705,1.47273880678777,1.4290315766631
"V17",0.111920100369907,0.140683734857594,3.11809046633031,2.80962355283987,0.388187869699706,0.82047692352153,1.88809398835527,4.23262770648149,0,1.02123889642155,2.2545490890121,1.98291682360477,2.08945469799096,2.27243942254165,1.95607099930961,1.75004927061788,3.63226843579283,2.14032093979175,0.0208909436872781,0.915949533643373,1.33460094431893,1.34667537959062,0.826747196041805,2.33831542536372,2.40119324745272,0,1.29604577273924,1.8442781084728,2.58808183334006,3.20314969872188,0.209239998915888,0.992775736429768,2.41309968668735,3.23476963149416,2.0664711857918,1.45172626804963,1.50218306057321,1.96261205421934,0.532217387326166,1.96666043136958,3.78654367900784,2.30948025598446,1.95309822110457,3.96322891907853,1.8969108813052,1.41190346685892,2.54233206485887,2.21453297081267,0,0.742415988000089,0.442308560548402,3.71407747720038,0.845280554573835,1.75878773337323,1.02688783393507,3.58033230415286,2.7708704343641,2.02326595013307,0.759689660297448,2.89485894639663,3.9438899677714,2.828594510239,2.20016625022026,0,1.01010997312892,2.72221674566673,1.47583114739984,2.20080011447969,2.77975756137819,4.39173557493247,2.42898420980977,1.84001295718118,1.88715964027495,3.42473830298697,1.80690797157726,2.15849985212654,3.83818727967454,2.26777283375376,1.53959188535829,2.08064469452283,2.50361484745637,2.23154452123126,4.11194148885381,2.99879931050535,2.09510183667919,2.78151825664854,1.20316425627747,1.95364598234743,4.82190321312922,0,0.666614307783036,1.85292215482103,2.19801089077461,1.8530949909662,2.65280668744878,1.41189233697102,0.265605569481321,0,2.36336556479163,2.29216512495578,2.89944996796596,2.1986401496507,2.1301853994731,1.59728197611215,4.21741542413966,2.61528402461327,2.86811464213792,3.29171002329327,3.074894153826,1.91176132126083,2.3975582588477,3.07586905812243,3.2792220550088,2.25092127500171,1.47983533059251,2.06411238723848,1.42925164121249,1.79900348470484,2.63005708202985,1.58564301905735,1.60563912618409,2.76061717898921,1.86081087181271,1.82368808678288,3.17025356895585,1.28050974139973,3.57075063219633,2.4662983681769,0.172032527559191,0,0.500002861241973,1.33277865356346,0.608984630389694,0.28861297658012,0.888246338880842,1.89119070426945,2.28859859061898,1.50584811018533,2.7784891482738,0.272620593661178,0.291792280116063,1.33788140859485,1.03155907538819,1.54452285288751,0,0.675178635770428,0.891356450495421,2.13814492277852,0.814439334442999,1.89729041554079,1.57069504863442,2.34256846268578,2.06436709404922,2.1517287913828,0.460617908551752,1.39252548052735,1.84099316432904,0,1.56055565006198,3.01919596954228,3.19667702926707,1.03820367252919,3.24913640262907,1.31272506251381,2.90783187427287,1.98965560985441,3.3706998216321,0,1.81133089087128,1.15905778518542,3.80963662666546,0.72329348450638,3.56704010856701,0.265399168162645,0,2.55410969236366,2.39350089524003,2.95218916961025,2.72174641766804,2.19815857733737,2.49192964537109,2.76204196003758,2.49057517957637,2.71356717625424,1.97016311968333,2.55371293097727,1.94762800683788,1.14028498506868,2.27570085108054,2.30477145862377,0.790243839676195,2.33007206849589,2.28965248416497,2.41327209129554,2.34486308569828,3.26920207866869,3.5342673253005,2.63370883219634,1.61425526418314,1.82403073994934,2.26280476133153,2.01171601260159,2.82373254093219,2.12242679975288,1.61425526418314,0,2.35210916109715,1.64222773525709,0,2.93750704456234,1.102628358323,1.76525945305273,1.63887585171395,0,0.977714955882368,2.41249907733221,1.82490498231532,4.1886131188695,0.352913475611725,3.08322413693194,0,0.570871997361723,1.62575837743871,1.52319213633294,0.0512983270885205,2.1892044959352,1.0960777899667,1.08300534232,2.27588400508526,0.583440975625299,1.80123573806427,1.08901865325649,1.83430842502051,1.86600375934631,1.05478422958276,0.817512794491262,4.42694714055992,3.3821333245166,3.3990186379598,3.51048502362238,1.89952651006662,0,1.16972906422534,1.99143378160763,0.702557698214931
"V18",2.56552555885829,2.78465744264472,1.70408866867801,4.21160903589337,1.38629697376071,1.8132489892314,2.85111688129555,3.59379371961936,0,2.07244527576749,3.24219251515711,1.0754937178601,1.38556403745563,3.61134684898856,2.52493867754791,1.07204189608752,3.12848322407027,1.73088010673687,1.99784290606226,2.26261415633484,2.58840610180286,1.9927239790124,1.17476648015763,3.12549846477634,4.09922532634518,0,2.13184286084848,2.96042792249704,1.83738906663377,3.89007825555734,1.35314234982095,1.64863366992418,2.89384541085091,3.19376504617165,3.19685760985747,1.93679591543161,2.30357396999675,1.77971198240291,1.33837606954243,2.13376158208503,3.91129259259793,2.83893278270657,2.26404439324946,3.8172341855064,1.45233092246763,1.21971017701179,2.66772455612068,1.20438103190179,0,0.815180323568227,2.21810085261065,2.91176086328435,0.597288664048598,0.825357342101877,2.347066215265,4.56587549900677,3.51965234975935,1.32438600757774,2.38825738366962,3.65750183262533,3.63809592207571,4.28060469366289,3.03062209863412,0,1.10469689949554,3.48551272765229,0.966092589615736,3.2024520749104,1.61852722119015,4.26800170872627,1.61924782594947,2.11913833447924,2.09025384806252,3.42020847492347,2.06636753915564,0.377892545063711,3.72979788645901,0.941763847632388,2.09087653907262,0.476383280297051,2.61464427101228,1.94918780866697,4.18583453161701,2.95487585448997,0.595879220947786,2.37172028118915,1.36386450309398,1.90259824887458,3.77549957423957,0,1.13001677803133,1.86868874503692,1.66944312769538,1.67639541202114,1.66262752796986,0,0.188213425330547,0,2.87672064421697,2.60536941822136,3.13459487191882,2.06147642054031,1.97072763458869,1.22720755711097,3.13528098165419,0.970720382229213,1.17797853599419,2.21954673472698,2.24066176456299,1.64984105228929,1.34093793627663,2.76668351625602,3.8113264637572,1.08063465196621,3.12417708906273,3.72858327917789,2.04672246516166,1.77834870813472,1.92029124449988,1.17443044031255,1.64859335758559,3.00232370695513,2.81486342592286,1.65371348740067,2.9760607295314,1.31554922994422,3.69030621983252,0.168974275933587,1.38391114141041,2.11292393944509,1.98414743786924,0.307983604245495,0.173016266695072,0.22939418415334,2.07637601068345,3.47084624760622,1.59806493149144,2.42013032651018,2.58132709968947,0.854074264437689,1.44076858787086,2.08732310053519,1.68334701465664,0.673451366653357,0,0.814232573097253,0.16690768713485,4.18382125682221,2.17109651946404,1.28329763742475,4.12428284914059,4.15031052411282,1.03110750482687,1.29644139710298,0,0.258559795260995,2.02373444569069,0,0,1.75898618262886,2.90560235049985,1.27215697221107,1.96138907019738,0.162216846221776,3.03038189100051,1.3002014365581,3.79105113730218,0,0.56078221002726,1.36717447564127,2.61573541314447,1.81131432591598,3.78618381217023,2.88581084229234,1.80427837719849,2.41631961310896,2.21682125291764,1.10729682767377,1.4318011600292,1.71915852513906,3.55001214805997,1.85686436678437,2.13162145311752,2.08850993644078,0.939978988788841,2.37301961409973,2.08738274370283,1.06204744217351,2.62338479588248,2.1967812580453,1.6979967605492,2.01642764234201,2.00770146678426,2.81670440494963,2.26039327502748,5.47906111943291,2.97899744195876,3.17914398473445,1.32913594727994,2.6677871159017,1.27461380144348,1.88920620123307,2.18968701370294,1.0154347821892,1.94762639661617,1.09994740235108,1.87566160841236,2.22778908525672,0,2.50725915743627,0,2.29876546303354,3.4105100926992,1.21815743931789,1.97053912951346,0.650813047900338,3.85455460658367,4.13321609895449,0.14080919470729,2.89214801597478,0,1.80242064400151,2.93622935960228,2.7635276069171,1.27554811270474,2.12251246613807,1.63040444324226,2.06225996678549,2.16343095749774,0.691050188141462,2.4208814628081,3.62563231278538,1.79486145232738,4.04122011520715,2.14600163149751,2.26854534952915,4.29060291040449,3.10422106218603,2.7733993828777,3.18283403178056,3.21458311317337,0,1.45336157535964,2.92771127715264,1.82653739633494
"V19",3.50627412196019,0.432476018609763,1.02110103625364,4.04212850197372,1.92079902682999,1.94345438668239,3.11353086464936,2.54321274711794,1.40695683901319,2.01594265688121,3.24489145539572,0.960454151278768,0.755601265389147,2.84815173622625,2.36631137175497,0.766278772753796,2.12538142262605,1.63709003414713,0.251474264683103,3.29950615250953,3.20465259762673,2.33073446445962,2.09299928095981,3.22379218822452,3.73318684170582,1.24425066137026,2.94977954884228,3.12918137702282,1.36973937282732,3.77089453551322,1.3190583893274,2.13979857010002,2.54307553636918,1.96912909134886,2.99670340725846,2.28135712636218,2.47378154910379,2.02345078426367,0.303217859919955,3.12316178213314,3.69376025355794,2.57342289743923,2.11464709849847,3.56235842466606,1.40486477965304,1.09777957276574,2.23347729730041,2.7562340551578,1.37441927864408,1.62552239655794,1.48798464641523,3.66014247539358,1.44844898195339,1.32173713699799,1.57885816325677,4.0892298034582,3.54749898835666,1.48075626852038,1.35092560159124,3.29080043277089,3.38520241721617,3.97149040254833,3.39633525446895,1.31156206414943,1.10554806744667,3.29069459029727,1.34280977232819,3.14969039595202,1.92832477599974,4.25605627022437,2.09701185623562,1.82800269532478,2.05474106705064,3.24102071975301,2.15210266890927,0,3.60197397603826,1.85351381713197,1.96263182586961,0.131194865523083,2.38554348428735,1.73227483679526,4.09456204219362,2.40367209432913,0.408692329926938,1.84027079343146,1.37393752712348,2.24525438638973,5.13984434398,1.25435785154346,1.30676836319493,2.62512640434458,2.0991742031873,1.58315660846253,2.73036700746961,0.934765009367719,0.321982890493967,1.32233667889497,2.88604687973454,2.25868226649212,3.16127497870606,2.11021688448529,1.57207397803114,1.66561950860285,2.94904804130835,2.08729956635269,2.04808624416728,2.95191554277913,2.31348010369936,2.51142987921122,2.34324484835448,3.20304541212297,3.74310114330372,1.91695965554854,3.45569627050674,3.73012524441063,2.47059313147718,0.940448837037173,1.92576042638948,1.51174212817026,1.65708814655826,2.58955401717396,2.85330724644744,1.77124764550994,2.88509039186866,1.40430110007059,3.78366395733764,0.134262308068775,2.76064985654674,0.489616488089432,3.30827838027812,0.131167665703179,0.176253578260673,0.233762102969859,3.03585437357042,3.10919474824682,1.55319228118227,2.57053502333508,1.5803221645167,1.80714480444751,2.14372382113667,2.40355950420814,2.67812124396037,0.773168742471577,0.978046802678637,1.0086786345863,2.0001783822313,4.13638537780293,3.53140935377401,2.64994795846038,3.05072813070846,3.84288463863279,2.12764608656084,2.79816755876683,0,0,3.2848371979977,1.60826911248982,0.387380423242572,1.55809751545535,1.58171340111095,1.66263656445817,0.770682044462536,1.30428302988177,1.37767313397755,1.88496852835842,1.55366788226081,0,0.205258428245263,0.199219683159253,2.98165098413336,2.4729618165274,2.73185699681835,1.33418394380322,2.87254311840041,1.35311783294201,2.41585097788908,1.99813756988383,2.08523528885783,1.647085414226,2.43000778520496,1.65007080221604,0.992128280808396,1.2201432468928,1.54744433305377,0.720661400059193,1.00270628105136,1.14700274975683,2.18194609702258,1.54749952415682,2.00830568849239,1.69072039303729,1.53153350332186,1.98231667769433,1.14410917452354,2.61708468444813,4.05871716384437,3.47848338041166,0.76921782133258,0.828329369766549,3.27565607326798,0.556145151753214,0,0,1.75158369377796,0,0.76921782133258,0,0,3.28789984996509,0.76921782133258,0.76921782133258,2.35023129643364,0,0.76921782133258,1.4894951660482,2.57513748006448,3.22591557922364,0.467871768239402,1.38868850675146,1.4367249806199,1.2796294158615,2.16696322718083,3.04361403768443,0.144331723976686,1.74757813373448,2.25876996548841,2.42251529229454,1.80456018549927,0.663996832385286,1.95654344765521,3.842822758234,2.4657011393825,4.18760627542543,1.03675114891303,1.98056965666961,4.34126541120594,3.04870421269021,2.91810071273482,3.57884631234405,3.15727201463486,1.03536544569313,1.02450939129943,2.16531583175623,1.44294185220387
"V20",2.59032183813685,2.68294563341094,1.42415656152373,3.90227038686705,1.76923969523553,2.32834557632807,3.26693311764528,3.70903161666846,1.17568331417987,2.34330323241432,3.80619732391846,1.006468854425,0.852845078916921,3.55798523550051,3.41304011982838,0.793092036756063,3.00832990754064,2.37199767005991,2.61529331733314,2.55454740483979,2.59273936660936,2.19036173967305,1.26792085559422,3.85708398691217,3.56223868837585,1.22089207449438,2.51508501854472,3.41251760584372,2.0001939710457,3.95296493076277,1.35398144910941,1.68398706804906,3.0654080280776,3.03613423369104,3.57056929124689,3.28964895633873,2.47062916766033,1.59556833596337,0.800418487674457,1.96973076916937,3.51828260497922,2.92186730777675,1.90197001199416,3.46534701796945,2.03530512429164,1.60307737774766,2.36801939900789,4.02998079144987,1.1702258441114,1.51912141655518,2.29727681447256,3.45528032050241,1.04449051790545,0.969261725993756,1.97324834566903,4.30663511875338,3.64283124062359,3.01041370341056,0.352427958796798,3.20323486712607,3.41900562701804,4.40197375747495,4.51824755200467,1.26206612426824,1.40964814159547,3.63658751077806,2.59720008426792,3.55940884048102,2.32468978227721,4.86306547852955,2.09142625513974,1.66092013920042,1.73321168017207,3.63344900164717,1.65436973560581,0.254841350120342,3.48178003881207,1.50629080556146,2.51906036878146,0.438535201717889,2.90904211814287,1.53947338461753,4.21075353540737,2.6998643656262,0.0533360199258616,2.35119982947419,0.802295302505588,3.92229617686668,4.79596694279303,1.20901421985278,1.4907162889375,2.59382296788116,2.20305036383196,1.19202955351481,2.34476819401,0.558105583090046,1.53704228396604,1.22752728690216,2.56595547819352,2.46835642052555,3.2874371594099,2.15162342809622,2.42188000269168,3.49680714138815,4.24630121086038,1.74597532365134,2.55348502266353,3.14178668126308,2.37304579798782,2.22516540471096,2.67473752313184,3.27475882640905,3.47949480192706,1.81354737763258,3.83748409576134,3.97747628958258,3.10217557988801,2.20886567293196,2.99633278065154,2.14250724849417,2.6040871002768,3.08723429226322,3.11148699944955,2.42364450833317,2.68804645182489,1.94738828328515,3.70014169847966,1.02349742645869,1.90358398401905,2.27738917225628,2.52854947034378,0.433989120197276,0.491013743120011,0.631139502068346,2.53506428935535,3.5375286893195,2.06687563334391,3.40184644686571,2.62972021186788,1.12220471309844,1.48002705600202,2.04268639626328,2.30270825013578,1.14429862277379,1.18086390489442,1.32127727571864,0.417387656034302,4.49703273078859,3.59790752793782,2.94231647172887,3.25779618321073,4.18188288482831,1.98938251711127,1.05711799447877,0.368574624942725,0.795556325630074,1.2037458656478,1.61138509988995,1.2979303624184,2.73756642220843,2.67933817197506,2.94698346452715,2.62517418405125,1.59493274755974,2.18771705287753,0.539387108677438,3.00623649660421,0.0983172766026807,0.840387964778976,0.733728021733937,3.39899456104527,0.819414001264346,3.66114145604726,0.253740281980756,2.94502528439287,1.93239520555171,2.78513380560033,2.27932953825766,2.51819426645563,2.20888196020246,2.56256507718129,1.42414643045278,1.81140533868272,1.76128659633981,1.46244502021578,2.21654146535018,1.3332329966246,0.159822180099598,1.18724926329012,1.78071717247569,2.10943695693258,1.37063175376015,1.44362999834417,2.39196845844332,1.78319999586927,6.42319806639597,3.50014849745768,3.50320155346644,3.48439377784088,1.525993697848,0,0,0,0,3.22775379045466,2.30077310219437,2.8270055265584,2.05803927498675,2.78695703684864,3.01209335885939,3.61212154980154,4.17679991384372,3.33026296573761,0,4.11950591809472,2.07518435171014,3.11628810801536,4.05083422161554,2.17314721071582,2.55735774969134,1.51486521565549,0.255524564252235,3.07270088112851,2.3321582606912,1.76994440320532,2.17654294580992,1.42965636309004,1.84130165275606,1.9206781895296,1.76843383853105,1.86907314303738,4.08585265853649,3.43472058700502,4.13041657019856,2.6797394551266,2.48235011505754,4.50674617539451,2.55252591338852,3.32008935411039,3.22200367162233,3.33364855147608,1.08455100228904,2.52696607765471,2.14299070814225,1.76895392657592
"V21",2.71587954290733,2.87224103657794,1.15240857963137,4.12947063099923,1.3756450898562,2.4165237189403,3.09585837520072,3.87638739801237,0,2.43343080478143,2.41993588374623,1.61031657794397,0.796652208570169,3.82588433437326,2.97119879409347,0.533688184807911,2.98595902345515,1.90123429895371,2.21260440574011,3.01062091840541,2.82759370883731,2.23981169367159,1.905683613199,2.57932630462738,4.43980230677478,0,2.66331471675848,3.45459511613466,1.45012927494477,3.54672470659807,1.08354399176625,1.67623184450483,2.98367858239179,2.61804244658521,3.76663646504683,2.50701036102704,2.35533263621738,1.8508361342217,0.727439820827719,1.82699979894895,3.82106123064335,2.80424697122559,2.22533915174661,3.59280485067883,1.706223123426,1.35027954805456,2.48378336923968,2.02853245410755,0,1.43664428177518,1.73824999975209,2.58179245208298,0.817576484400066,1.2530121619666,1.86974313605518,4.56579648901266,3.73180207370679,1.13946083016734,1.45094175007427,3.51312883457583,3.3543881970443,4.55552098210095,3.5611677351041,0,1.26988820579319,3.63288768182119,1.19100916311071,3.46746107461506,1.62257618052679,4.35797567532606,1.64664245864187,1.79740760034706,1.91935745495884,3.782198636558,1.78941455065121,0.16827310407546,3.4178368809302,0.74192487262993,2.04942304024452,0.0662869873770037,3.01638566884886,2.00306752026761,3.82903685292186,3.27387446774017,0.376051289801515,2.53006770227389,1.29256011261275,2.13816978611156,4.31736255160227,0,1.12155407149136,2.16114788661738,1.47418416677787,1.36299074936767,2.30109741497818,1.71568318256486,1.20814605071453,0,2.95903622871542,2.58118721662482,3.41497192111641,2.0182391279896,2.32742729124473,1.83173679184298,3.83553575080224,1.7637237917408,1.85668336626505,2.91578706642771,2.19195660615602,1.27307475106678,2.40862998009876,2.54406186768401,3.82329298495075,1.84183882708936,4.47281223022868,4.08351752246018,3.19741635978461,2.61083340586734,2.41365128034768,2.13594052481464,2.54775334905925,3.34213848685819,3.11104609110676,1.7408771750892,3.03444729817122,1.83265403121976,3.69874301355894,1.1939428807863,1.72753357025668,2.42329829781046,2.46448561763347,0.971551297676836,0.87481395666401,0.646594175801436,2.50882278321463,3.9509061075597,1.6331558397898,3.09615460563035,2.82962497540387,1.43410423296367,1.56409533748474,1.9898613567239,2.55410238973582,1.12133370360209,0,1.51555938725093,1.66980313146446,3.78702068192367,3.43177574791059,1.79742319673243,3.8801496782659,4.1816497849391,3.36586012052318,1.87783693451272,1.25347771371913,0,2.55414228590372,0,2.04151053665422,2.51847750035319,2.99149036964633,1.68370413194458,2.76048992364163,1.4616322962474,2.29014631380901,1.28930010603549,2.55122939787569,0,1.95433840372444,1.33696449783232,3.50084052935007,0.624660847102928,4.17680484275464,0.85398779728165,0.616936710916868,2.7842973733669,3.25008760616574,1.84224980892069,2.08010686602229,2.4036119008293,3.86510864822205,2.25464385751709,3.02057915402733,2.16881106685483,1.74863081938574,1.94392436384122,1.67199241038618,2.21616732952017,2.74128142093246,2.75172847170782,0.18858338711082,2.06032020259497,2.32160635403765,3.10868473209088,2.20288872990682,4.15412058509817,0,0,4.37411927822257,3.73439994701024,0,0,2.81384949195747,0,0,3.47655103233087,3.99741794596622,3.3765097897341,0,0,3.47655103233087,3.47655103233087,0,3.26533630129078,4.15412058509817,1.08235104628629,3.79020829079309,4.02015954173263,0.196115179829227,2.60849116245448,0,2.11894197803029,3.06218915891429,1.98368310600721,1.39152993570089,2.51405330958623,1.02399501657018,1.37988899885947,2.10491381916155,0.499696317568838,2.38351130845743,4.44176515302398,3.73699209490619,4.33232792624572,2.89471200322835,2.51280576457068,4.32571584370361,3.22115476267253,3.75642442645458,3.61868618365565,3.36238480760222,0,2.96790080937967,1.72873903981108,1.62033309020332
"V22",2.74825363990484,0.344671485109208,1.56566613447748,3.03545189180986,1.3916319181006,1.67069499526583,1.86230052409799,4.00013693860951,1.41916424776928,1.58110665061085,2.00924306700234,1.23631431506438,0.694698235723375,2.07504790649444,1.70614548172793,1.17731512310914,2.76557895341803,1.43648129365771,0.31655388368885,2.10635225786022,1.94384077216764,1.77354866772891,1.24460011790741,1.74398717276806,2.14061427778631,1.07236345072589,2.19031879218025,1.60944759558523,1.89980391802309,3.35683109923475,1.10607924287843,1.23139154836673,2.7683692417609,2.76604829139997,2.12599681846829,1.38832565552655,1.46658737713748,0.962688088921966,0.256297390362044,2.45888945560232,3.56691176884876,2.27719312070361,1.41853927878654,3.52133303131179,2.22157474704585,0.761015149779435,3.10467540027239,2.86829072074619,1.26267474616247,0.59871836067821,0.585960594861828,4.07940337748576,1.19458149679748,1.54942884146736,1.95276684089271,3.10120266521144,1.94577882477983,1.58820444604055,0.885037233143329,2.32455563476101,3.69381848863423,2.39534164985437,1.93404794982223,1.46313111632559,0.5588328120594,2.2947802823332,2.01288133886656,1.57665876817475,1.51608350759029,5.1336695315931,1.69244726949878,1.52086936733505,2.12713795551496,4.19683363006822,1.40532750557385,0,3.44061399933104,1.26088388380208,1.39045551458345,0.553809300269139,3.12009559006438,1.41202177440535,3.83631934787726,2.18954399724379,0.819539807877496,3.02890704530807,1.49845178701525,2.05371009726206,4.39716364675613,1.19482895277641,0.634155882474015,2.08038903442503,2.36308529806896,1.92143545425415,2.43155494484209,1.25073060713354,0.29660462480736,1.49741155418141,1.8018968613326,2.48829740982876,1.99614935453044,1.55568890846118,0.922777125441304,2.46003081223605,2.83807607224013,2.49183013251645,1.92866451064542,2.86317896468203,2.74760329104451,2.40026367802607,1.75904532359942,2.97882392507578,3.3872985298261,1.28083236067835,1.20632792446284,2.07532209517102,1.4241152492476,1.74569746269772,2.79729246774821,1.45313473372502,1.01562644788976,3.40248852141852,1.57578463429197,2.00498588119091,3.11056795146652,1.01838467565357,3.77843137963251,0.347155167960684,0.276607673441957,0.61465445014382,0.47904836411423,0.364227038949716,0.0225054789007006,0.308406324549667,1.35536050747353,1.30296081439337,1.81396253919199,1.03896110720667,0.409509470399617,0.448809671582937,0.652403158393295,1.63787922854489,1.24772720642964,0.751251289944408,0.823874402930925,0.26630998579646,0.239456330485558,2.58502429196883,1.45136543490683,2.13171776340412,1.56467899846278,2.71715617347729,2.18780660014505,2.40225252896016,0.677529171622004,0.284931932762737,1.96418438733379,1.95808883517371,3.38828997901386,3.04201044773231,3.43967931096372,1.46611271108963,2.6906217474304,2.35739297756345,3.1873585329004,0.723966196138996,2.7915698925773,0.168157849966076,1.77948574531472,2.49625714657373,3.52933554344494,1.69714735307266,3.45190065074145,1.35673844238053,2.19048390010029,2.3806218402287,2.74565126424686,1.97629564354284,3.06211175406522,2.02754633564404,2.45898988935011,1.81331081459599,1.71069901283962,1.31557037356678,1.33526000509165,2.13884150924305,2.8831930896501,1.87864762422503,2.84969228666811,1.7651680622024,1.9047192641993,1.62166185139112,1.53690570412565,2.62928148424629,1.94711495172925,2.15130373980069,3.72144822523931,3.10670965359542,1.21889252176113,1.72576424030209,2.5481109723908,1.79352328891487,1.96920552381327,0,0.561561993718463,0,0.233051526038862,0,0,3.15124363346252,1.00952146333204,1.79473183747264,2.99572990023834,0,1.65670007049564,3.25454094285614,2.97380751914826,1.75974507398104,2.2913546036291,3.7360569819418,0.943204360624401,0,2.52121931702745,1.98392224929869,0,2.93203445301938,1.59573951722454,1.14594622434216,3.08264498002299,2.38945355745959,1.66436180106406,0.79951123611389,0.601940685836558,2.17886934830167,1.83154949843886,0.601320635033982,4.79242254420917,3.46403951832944,3.30149711744404,3.83707863583164,2.05909637363557,1.31837824083601,0.864331341097316,2.48250660528591,0.986300351205208
"V23",0.0585860231060037,2.18791588761876,0.741986893673368,4.39764532208749,2.4017327095219,3.29715753135892,3.41078419522857,4.2167276025098,0,2.74191870006559,3.61840191996244,0.785481851282391,0.374296519341945,2.63681056750193,2.07488296275769,0.32485436541249,1.84037080016803,1.86260766733894,2.56154485283228,3.82072646561934,3.50309685463539,3.32593679288186,2.36593554527663,3.93253311523217,3.19671160828734,0,3.21956539581242,2.83893838068566,0.862311353554007,2.23711372328929,1.39401157777735,2.5618971286584,3.26193313085485,2.32462510842414,1.80401013994502,1.08330054622669,1.26936350998611,1.52648620303155,0.523790692293814,1.70027606400178,3.54528770352001,1.87325977846647,1.66731532269758,3.28046766246467,1.53443932447436,1.38648224766845,2.57825347054752,1.33691902948145,0,2.53240182320687,1.75445425075128,3.09586786265149,2.10264181404473,1.97045236652923,1.62804648107912,2.5785926901586,1.70038218458009,1.43539820883765,1.54755822345243,2.00824125063405,2.99820257150891,2.51733663675051,1.64028786366656,0,2.85135882452495,2.24408233742491,1.20038488401782,1.86813444951287,2.01863115167531,4.14338397815298,1.58878944311942,2.33828464184759,1.9105138089798,3.1563364935432,2.04539674829835,0.247852666622942,2.81381324086197,1.28107806546058,0.922221145228976,0.523971639419976,2.52146144131944,2.5023681091159,3.2921535093222,3.47620850382983,0.170061440057525,2.58854052175385,1.428944199097,1.48543729015206,3.22804311271215,0,2.42253269743598,0.858833256382313,1.01351742805084,2.44274928754046,1.10625668097401,0,2.14646026579085,0,1.29076243729391,3.0891462432684,1.81089213030666,2.82630403226358,0.576891286135373,2.24810967707916,4.5418124020235,1.84207581364572,2.32161689307761,2.0006709611287,2.11284422026889,2.82690886159893,2.81677800631658,2.12008457737036,3.37474698178128,1.60472751891273,1.71652489844563,2.22082228242507,2.32567314660408,3.62672845071673,3.65691814300667,2.41157890635764,2.25583736644574,3.48852365061099,2.1652787289542,2.47609290720392,2.35131847265917,2.1756752250273,3.2014617111326,3.30109802855747,3.27204667717315,2.86043600434176,3.62503922085369,2.5888201499349,2.37629678776432,0.275617031228096,3.11433985881365,3.40037812388768,2.24469388417966,2.68312337520257,2.71998866735506,2.09632583715018,2.34274689988387,3.11935260909973,2.91794346451693,1.02649120345415,0,2.25159850042593,1.23853786334349,1.32263650934791,0,1.58802651512561,0,3.05289448439011,2.72803503820433,0,0,0,2.29701676119597,0,2.01482579176678,1.30098392374339,3.83209375921589,2.44680850995403,3.20423323355096,1.79031457885174,3.22685056125732,2.35169290508899,3.36007761171883,2.02537432040956,1.50766526428627,2.51917229569184,2.91130143090903,0,3.1552215250166,0,0.993181691490227,1.59008096386676,3.600861305329,2.14824971757101,2.38640049514518,1.72566924484776,1.91293444963034,1.35127687423029,1.68309378553771,1.4011658288712,2.38130387528158,1.62702416886164,0.54875711395938,0.977267146101089,2.15978898322383,1.28499328152609,1.65015517764167,1.16557781943092,1.86493543764601,1.62540628271294,2.31558477435673,3.74811176838455,3.62123112941689,3.46349718448956,2.94260749028824,2.16149759923324,2.8053880089078,0.924804515859968,1.60281467030349,0.91622519871216,3.30535843210352,0.737011290454502,2.53347309741364,1.68229712647416,0.518955749849241,3.28269271799781,2.57410919141101,2.75942362396554,2.41220568350455,0.774065928587362,3.76598704139212,2.77810608111973,1.71396283429241,2.97419417268622,1.31241682882314,3.4753892270394,0,0.594926886007801,1.31112076079116,2.12663644466397,0.837386290495147,2.17258397758599,2.30242166506427,1.88788953398582,1.85487159806202,1.51085762459633,1.53733052433341,0.704444441356907,0.599773855977775,2.75668433789945,1.58456490485159,0.780200491727569,3.15835599363718,1.98324683736581,3.95586179159971,2.32347208940307,2.57051740060349,0,1.16217648931149,2.48757741099079,0.506647492026843
"V24",2.71596966370353,3.10204023914376,1.36663303890373,5.45983679315118,1.60970673582975,2.28686811420741,4.33953431804941,3.01133755244133,1.16669445576039,2.1601877632187,3.81876048764454,2.60374069283596,0.814763452345438,2.53155976703134,1.978777447814,0.666484412036927,2.53014432617882,2.9059032362948,2.92363376725053,3.07933177814719,3.0872033646063,2.39117596127301,1.65776346519146,3.88326428351298,2.8848735848509,1.227660868022,2.90068343846167,2.22239888003252,1.38260323297157,4.22754029877216,1.38151965248864,2.09844691437227,3.00930286109983,2.14379571516566,2.43015202692768,1.70053965512467,1.77522634785051,1.89377080986274,1.82945275188538,2.23443401994147,3.51471812334331,2.19452418665871,2.10352003224201,3.81112581252059,1.55303810658241,1.34800755863015,2.72284393003823,3.22048990827,1.3832643122796,3.62634932899491,2.77273055416125,2.11867864056309,0.869717409381637,0.305378958781564,1.73713979332549,2.29816007128222,2.25137813200351,2.66363887730893,2.34529153109894,2.42947907789324,3.55924875259572,2.90845352550311,2.19372303928004,1.77851394212919,2.96959413903519,2.37374651906987,1.96678646727854,2.21407127067643,0.805517038298448,3.28017872601503,2.01043428406519,3.35398882363123,1.45933553932068,3.15845087671119,1.98160803984657,1.43032295024457,3.69163519682618,0.675568166942309,1.03923183518754,1.35388522968205,2.98411042846647,3.1421006148197,3.9357893953348,3.26332815798939,1.12892572083261,2.83021009151886,1.41464728565384,2.79151792304324,3.15634969937545,1.48623285007702,3.03811326075959,1.31436788220653,1.32719003361073,2.01011638192897,2.12111334977633,1.58588326567946,3.23825104495637,1.07421969569886,1.4046622744033,3.10104075519099,2.92207674210425,2.5702078141694,1.43744465060528,2.85961734823761,4.36203573434669,1.28260224313985,2.22797333769482,2.89846953546864,2.59767688543321,1.71667984765043,2.19872313263698,3.0215424217335,4.02331062100176,2.05827732885079,1.54484670408409,2.40111435141983,2.83982639378498,1.8521922452478,2.70865086713928,2.46511411016161,2.24495698470069,2.83538425025501,1.72386637240675,2.15805726287683,3.09442962924639,2.05949914280229,3.38179433137838,0.586280391084006,2.08660290998535,2.97553586711435,2.62499751853454,0.437101347784173,0.960605450077773,0.321243273488959,2.53307168593489,2.33004848494635,2.1241499913661,1.90776248712601,2.66064895058645,1.41690571572126,1.61095941792123,2.04939166228776,2.27119541563869,1.35110932171503,1.06356694312955,2.1804001743633,1.14098404907036,1.25871817187709,2.36317057374329,2.81942529448069,1.75636975394329,2.53978226022104,3.11722616444662,3.31152053173504,0,0.875688579449477,1.72555367292763,1.41446740078884,0.484189360819701,0.484189360819701,2.88553010776887,4.11513397807783,2.71773093316299,2.99076607987211,2.58994416495852,0,1.52777950256907,3.16330541676531,2.39586255670341,1.02641599746362,0,0,3.97871676815403,0,1.77858221207714,3.09190860007758,3.55815582792836,0.985240332017776,3.3464910207042,1.54677838773567,2.22015729216618,2.0961401536806,1.86168175763965,2.82833118543232,2.07022831254321,1.06883340663247,2.49892940325134,1.37343410127669,2.53539434917939,1.50608741410798,0.941414146448187,2.83795319630349,2.84830969536251,2.614981474002,3.00922925475992,4.18951851105178,2.83236688087492,2.6219378260497,3.9229740298265,0,0.91779336175869,1.38591947826639,0,2.44463275065006,2.55213084727146,0,2.52367357561722,2.97723934723115,0,3.00515164870682,3.99247400006348,3.92747132063202,0,1.97563261671343,4.54960597749315,1.57872282448593,1.9928095050017,3.76666740246587,0.177895897771714,2.04533918751764,1.36418691217159,0.712933984781948,1.51006001221557,1.99058879550166,1.3056728275158,2.41321710774391,1.70674195653883,1.09477635328458,2.12131518862108,0.85353401335533,2.16724059495691,0.69911019078392,1.09282857735599,2.37508521854918,0.433083790085804,1.81856168930109,3.86689917610429,2.54146873104763,3.16858997558523,2.41160788330918,2.28906353733427,1.47485845533796,0.424623511960922,2.68790959396944,1.00354155608094
