"","Z1","Z2","Z3","Z4","Z5","Z6","Z7","Z8","Z9","Z10","Z11","Z12","Z13","Z14","Z15","Z16","Z17","Z18","Z19","Z20","Z21","Z22","Z23","Z24","Z25","Z26","Z27","Z28","Z29","Z30","Z31","Z32","Z33","Z34","Z35","Z36","Z37","Z38","Z39","Z40","Z41","Z42","Z43","Z44","Z45","Z46","Z47","Z48","Z49","Z50","Z51","Z52","Z53","Z54","Z55","Z56","Z57","Z58","Z59","Z60","Z61","Z62","Z63","Z64","Z65","Z66","Z67","Z68","Z69","Z70","Z71","Z72","Z73","Z74","Z75","Z76","Z77","Z78","Z79","Z80","Z81","Z82","Z83","Z84","Z85","Z86","Z87","Z88","Z89","Z90","Z91","Z92","Z93","Z94","Z95","Z96","Z97","Z98","Z99","Z100","Z101","Z102","Z103","Z104","Z105","Z106","Z107","Z108","Z109","Z110","Z111","Z112","Z113","Z114","Z115","Z116","Z117","Z118","Z119","Z120","Z121","Z122","Z123","Z124","Z125","Z126","Z127","Z128","Z129","Z130","Z131","Z132","Z133","Z134","Z135","Z136","Z137","Z138","Z139","Z140","Z141","Z142","Z143","Z144"
"SC126",0.206121737281635,3.66774969876666,0.882584695681269,1.26096940700053,0.652820812601068,1.84787527270766,3.51705433515187,0.608994951261704,2.72936656749779,1.3110334022299,3.84253495083945,2.42920679549855,1.73536587534153,2.61085466852391,0.158466967389184,3.06294993350081,1.7864845230871,0.994956426516439,1.72034648200349,0.950322262616912,-0.314851877383749,2.19522577359651,1.73452793177964,-0.102218427520641,2.11276619678722,2.3450850406172,2.42577808823053,2.06338399564635,1.09764973183898,2.26626818567807,2.27294078854303,1.81080687162606,2.69089592241811,1.87058226540681,2.32736479444563,0.180354484672407,1.38482340303359,0.922531781543773,1.20807255403198,2.88778211658053,1.79968695159759,3.30953459543013,4.75600871855581,1.89468805030888,1.84260136802501,2.82515412928008,1.26861516044232,4.62241296343074,2.38048239964081,1.59250273723585,2.92648703894699,2.38966822604182,3.41698406798299,1.26362945626483,1.86144857713815,3.23355325364708,3.21619270166467,2.21510942592041,3.90490248561901,1.935090483327,0.770450466823791,0.688885120685647,-0.160860050856948,2.13475327572748,0.455956093087301,0.877317450284524,0.813756940580951,1.32891760133505,1.88413248248927,2.24493254287349,3.16272857920365,3.16922760886608,3.79727625874991,2.7087058078845,3.80903245507298,-1.4365893240795,-0.266229306368573,-0.331730406536128,1.732099648576,-2.41823777269883,3.52657614367733,1.3315039617981,0.338361082655937,-0.866705286882971,3.44435710114043,-0.497444792126329,0.496518129650618,1.17668919937726,1.88198672127927,-0.0029227496546814,3.89082507891239,0.803224706535178,1.33227217459235,1.4538638466801,1.35931275449035,1.42843441911449,3.7018401300183,-0.796432003249148,2.24112923391347,1.89316286786843,2.96581235588516,0.129545119330279,-0.29268227295947,0.186668263603646,0.97020936943306,1.44445307618736,-1.59693518220854,1.77585987046244,0.861253429093175,1.09226099488465,3.14923803307767,1.07496039299744,2.76760290152388,2.69987635212267,2.68619953376305,1.29113903839877,-0.902155476944691,1.80598811814883,1.3808170189426,1.58766099938865,2.36567407097325,0.0826510144570811,2.96913965460657,2.95034747656591,2.36668639643342,0.307446963215185,0.0720631990407966,3.37445542468539,4.27923687301206,2.5764341248291,2.41917635462868,-0.657812789031223,3.39285499294403,3.98475704646987,3.04015466421186,0.180415900559357,2.2073041050968,1.66799838989009,1.36981944967241,0.479981894084425,-0.162715636983112,3.12181591188846,1.19360564668309,-0.188907792678739
"SC198",0.431781451663147,3.31795782313081,1.54848447605363,1.38365819770548,1.2233989314589,2.50782574922926,2.15753980822989,1.70883283063402,3.16163484103879,1.81665017952165,3.22012640454815,1.41978330054068,2.73943719013802,3.47051390632811,1.46620622569797,2.34611599394178,1.53080370517971,1.64549194804523,2.14412774108956,2.05646046189799,0.387145107286779,2.81297421947491,2.28240592307917,1.20182090744241,1.88803027414435,4.18902377882494,2.55447034026575,2.42195246385319,2.76419033258669,2.54459551982394,3.04439760016687,1.73320639440921,2.70407014632406,0.647516847131903,1.74736114407923,1.99026625110795,1.87973388078931,1.34259061448118,2.66667935319408,1.67967195923117,1.97300832763571,1.89813670272496,3.76401984829215,-0.136858195329684,2.25732553090109,3.22216233074491,1.37428760540219,4.05610413923559,2.36453722043047,2.6342136711597,2.71978160222841,2.94274887039956,2.10234629558275,1.52247365482695,2.72024340849211,2.76410032042026,2.22488308619338,1.50920482889983,3.20696681019219,2.01265385295567,-0.996568699606632,0.606575924056143,0.0190603255987075,2.65296789026565,2.44031905350434,1.14101417511432,1.66504420386731,1.63818182586512,2.10689277272908,1.45468701576265,3.95852757449303,3.75341140974432,3.19118217171011,4.06376770723868,0.381313773288043,-0.813237839251508,-0.455996500100147,1.44841029082332,2.8043452360707,-1.68485783120923,2.61111254723218,2.19817602492044,1.67835920546055,1.5901661907523,4.80256038666533,2.52663268472534,2.69776616173791,1.39594581427405,1.88305321186716,0.965987256414831,3.70306844734952,0.211565859650979,1.33107032952559,2.1848636690619,1.70229077079327,1.46339179366759,3.24986249888497,-1.14858504951414,2.61935811867346,0.602863718816228,2.84254454815245,-0.917083778077598,2.28462491666235,-1.84339431313047,4.57681166731513,1.90433460180139,0.457965885760566,-0.36591732854711,0.808736109872555,2.58546339574743,1.67234772578259,2.61794420163063,1.97464548267336,1.99417462224505,0.0199189008524406,0.553512770908336,0.998757478558937,1.98456572367097,1.50963436000104,1.97188595625144,2.3319231068435,1.08174079572704,3.21762624103938,2.23445582995977,2.73386938015575,-0.957747681941987,0.90212889875917,3.03520167095047,4.37146092900758,0.525804510817802,1.99351944496975,0.354802246206636,2.78596632396871,2.22286202930228,1.85719202419269,-0.329708570927732,2.11519082329946,0.833125465255463,1.84928271295175,1.72714377752323,0.639577743721195,2.94286482334122,1.13712480389093,1.7343108464289
"SC246",1.26765333749837,3.61029745722584,1.71252100547234,1.26188446266351,0.0741418100412194,1.59840364240696,4.348701951293,0.676006648882012,2.48447850727054,1.38234462817697,4.6165150324483,3.98864843337163,1.90616952515934,2.81292401376634,0.716012648690369,2.97389452668845,1.62991472363823,2.13186867664042,2.540604611737,1.59362764255654,-1.37555309985969,2.68661832342532,1.64087882820073,-0.912875418783442,2.10505675507568,2.63777228899781,2.62107422617702,1.91357105774623,1.70572788579568,2.95030342968159,1.98992201927959,1.16829564714143,3.21717352513697,0.710729268832816,2.76129550659466,0.473218236757206,0.704311833434294,2.48517262675008,1.45507835838949,4.49364831071848,1.30740443782782,4.30747804815966,5.50021922186927,0.324662906903342,1.31714911955028,2.76338219772926,1.26426678789502,6.30333796161599,3.39333487444782,0.756601398172387,3.14609062303507,1.16693333824499,4.5005600144244,1.97591626417756,2.40219302989384,3.28977880476965,3.5539325432406,1.19801403005367,4.44088796807891,2.64908470721048,1.27703957744452,0.498017125272126,2.1064293897135,2.71022802062596,1.75790561672012,1.10656042196026,0.366566665290398,1.3320610097235,2.17020805775609,1.4220735938572,2.95110196888793,3.17681610941352,3.41573432070188,2.52055285466499,4.66832362313502,-0.325447759101415,-2.66932402498067,-0.130724059999002,-0.0157567031844505,-2.38460390820052,4.18542670656226,1.96501182063743,1.31229942541984,-0.111574483340565,4.67255334917575,-1.01260548393846,2.09653607370783,2.63193875155263,2.43694201748057,0.253730769207255,3.65484923100019,1.32006740585548,1.86019802999627,1.24724432792563,2.11491810350578,2.4190074560887,4.86270455337253,-0.733721445537862,4.07399536526587,0.0419754052517489,3.23660100286157,0.205696164179107,-0.469225012863243,0.99442509100702,2.82713229369174,0.462855159217263,-2.60568148202953,1.80520610574782,0.0422431994366614,-1.38177443066768,3.16560633986054,1.14958988294448,2.28188859588632,3.61751367292897,4.20948068625113,-0.451233208257356,-2.85493604729535,0.890066693657332,1.1669361875142,0.677642884611006,1.64164358600532,-2.73538101690741,4.08620184844235,2.61336227995537,2.69805897537147,0.789134171519894,1.11496586170749,4.40276280260434,1.75393756331847,0.0698500483555907,3.53042021608363,-1.02018168678938,5.28296350262611,3.33551480443991,1.09158340756497,-0.0479905581310598,1.99545764094759,1.65416456355601,1.67277919059255,-0.450414010853232,-1.2265236688871,3.22532730187887,0.87126088952817,-0.515487504456746
"SC259",2.29206764512993,3.95057415408504,2.04477280721266,1.80395970062662,1.29140957720244,2.0654395211522,3.72922758089087,1.25238628802627,1.20641604449459,1.81369026762567,3.88430721678012,1.18959173975294,3.61439114308446,2.82850877116908,0.390585841002586,2.72552371092079,1.92433934194354,1.92716676277862,2.17954883474093,1.93849136558025,0.600103640547347,2.6416073369063,2.74133162723149,0.640929499434651,2.27834432495444,1.82718385314827,2.6388013646172,1.64816153902518,1.12799130858209,2.2694288185071,2.47596330342532,1.54831848007568,2.698769293927,1.48749858078402,2.37270742186317,0.860169617504252,1.24570468645668,1.90769902340868,2.42408006756816,3.89039018667754,0.340440992651047,3.0114950344003,2.88898264118772,1.96675096317748,2.15493009212486,2.66112708688768,1.50767727160342,3.76759566228088,1.91374823682878,1.76268312936109,2.86367810892874,1.35169918811681,3.19962549248428,2.2734200462885,2.63215308389774,3.09509890571284,1.42640909938521,2.52002975349836,3.71789246534138,1.7782215572699,0.952791435988322,0.88892858238039,1.90893987228607,4.0804674817534,2.47980529872888,0.974226942389095,2.87211733603632,1.68046149539955,2.27159743880746,2.09669619886624,2.17169651990862,3.86859511928409,2.85327098679886,3.1758669546022,3.07919509213811,-0.239940540604359,0.0317006153733894,2.68783300881662,0.96646447722555,-1.25209210706261,2.71056497579897,1.41854016181417,2.12829340616792,-0.733158725858744,3.99895936210574,-0.606146589326455,2.07199066962932,1.30648895884172,2.61676421624624,0.887628607905025,3.30234159751258,1.0703314012836,2.4561057288526,1.77766222716907,1.39081192592755,1.13722365013257,3.61509384921419,1.65799108774217,3.30128346150694,1.75798344834893,1.99406645933063,0.502609526993388,1.06145467769327,-0.502538315131366,5.65717380543204,0.913640888466599,0.38283842685583,0.642775776573416,2.31607735518798,0.0696287423693921,1.11551630601223,1.5099328573221,0.969810840751435,1.83181602178515,1.53517206892792,0.552995817693451,0.0490880995624101,-0.470995768523801,0.417053881482676,-0.0558500871884966,0.0826182207671654,-0.381968984176451,3.07846681591221,1.13327848663639,1.01832252579213,2.35340857323672,1.60996174412914,3.44024670394107,2.13267341494781,0.947208009777594,0.818931699531704,0.48877338331931,2.95652993840515,1.14854242562731,0.887383292557661,0.0249579612282974,2.41449724080613,2.50323477918843,0.0516696707299184,0.0358505078905022,-0.59604235700053,0.0648411545510091,-0.00997813130778048,-0.326171451215477
"SC144",-0.0150684392029191,4.58581432100856,0.878152156833896,1.66127309164056,0.862026269052427,1.98974183562682,3.94562046118543,-0.0693719859501264,2.04875074636526,1.40833487248647,1.81645097199515,2.35796240936449,0.822524243597096,2.55544000938586,1.63336910046035,3.89687683056374,1.3669195016109,1.13066515777341,1.63987432251611,0.670811561516104,1.4547131682652,2.07785935814185,2.01262029731326,0.896421699177343,2.47724974888465,-0.349620460532728,0.327516226128281,2.00231340544644,0.137222364828744,0.904333130304311,1.80227031929519,1.1851078246665,2.33211144845299,1.4662906012047,2.0204062351211,-0.154046615237496,1.29348983823788,0.268917431380992,0.878627552652693,1.96490681621698,0.0504778043315844,0.871970778249235,3.08634133929579,1.91632898718066,1.96466167559481,2.50432038780169,0.575728772265579,3.65212487293722,1.94066628650312,1.88385855481363,2.98970548998428,2.36605896482814,2.61781106140826,1.03850832226453,2.23431154565017,2.45206368914066,2.04421998789505,3.13003190099174,3.6229224431626,2.33988652135831,0.0977240406863485,-0.178773212925516,0.304341222630647,1.86294184269326,1.88007996969053,0.856113399514412,0.11845607496347,2.29847850541857,1.87977815269154,1.64916918974564,1.16700443404694,3.96938407773217,3.22787228020946,3.62364294459147,3.12766447421134,-2.05787008859166,0.447384015933832,2.25923725554683,2.10327933702406,-1.41225453144595,3.11313781706672,1.10868103443843,1.54455940136631,2.04957967237554,-0.982152404293155,0.0737436223126113,-0.323583664591512,1.03927260566028,0.552455992207456,-0.0129605154396903,3.57286445271783,0.552051816083555,1.85372703658144,1.56801416700352,0.893058369062266,1.30278727961883,2.8865125805671,-0.172066430378041,0.821865299186191,0.262897472366668,3.84647764042143,0.394917414787493,0.49657887982995,-0.376684795142352,0.0683168897709236,-1.46867155026965,-1.38214747715869,0.00804053116593108,-0.128418815932239,-0.571067785806356,0.136148176385483,0.60626033696449,0.586137191735941,1.78728456528723,1.41180405368763,-0.0740572345158142,-0.255659030204992,1.96228484979106,1.74885685272425,0.790678290168058,2.33835702118801,1.30327829112546,2.51136046296305,2.86476302823495,1.47441211129173,1.4412294199701,0.615638251517296,3.21997530303726,4.16466061786988,2.47311098717796,2.35885735279882,-0.336904619135273,3.06865437335157,3.43114393802435,3.11432999314266,0.342507547141366,2.20187875297161,1.9062107184233,1.01774636370162,0.312522648371897,0.660884904591009,2.51719421960438,2.42329486900033,0.103548683334948
"SC300",1.68490234561056,3.49985112482793,1.50000235912058,2.01133598086601,0.741657462887743,2.3917857462133,3.54786918902349,1.47528476585893,1.18844965159188,1.72966037087118,3.43599759456296,0.416479137656682,1.36991491785631,2.48271538417906,-0.514425296870807,2.85908905092993,0.555582089082182,1.62335860885988,2.4261192735433,1.76837653455182,0.292779786520388,2.34659038360752,2.90544151206794,0.558360769202265,1.76602574196258,2.01631561562796,2.3687821708071,1.76527117759373,0.444325414758183,2.38101523356222,2.1774664645518,1.11504346603294,3.14957941556112,-0.201543399706878,1.56811004173117,1.66014984696492,0.957959521394488,1.63728929398856,1.65721061401739,3.48053456508214,0.389798707768375,3.55616427229873,3.48456938943482,1.48313353426933,2.11579570658335,2.45321661320437,1.07312523727875,4.24865821845326,2.01454846936559,1.80082968848186,2.88030909803693,1.85128717642707,2.13412095038423,1.74482021941768,2.76136612237889,2.78249124226517,1.00362566331222,1.92079693415722,3.5211472304089,2.32930967418699,-0.21263374775632,0.885449743988576,1.20443837467587,4.40605288279822,2.71419205063486,0.774105656474152,2.59715655248738,1.7726184052239,2.34267951394306,2.17707374112469,2.21387063246589,3.14683005293775,3.35189626573597,3.04227053927432,3.29100978612254,-0.470373593289437,0.359337505920502,3.03683624269001,2.23544361181413,-2.09995789937946,2.26735565862582,1.38116864431705,1.80132687669765,0.636149383051979,4.46582340804789,-0.516024029414929,2.4588572604879,2.59250899949638,2.56121870666578,1.72239655294615,3.18018970867787,0.701327591930351,2.82237710652095,1.71722405052302,1.25062285522956,1.22800599965384,3.54226856970721,-1.02743946839145,3.52986782887045,0.482148390821999,2.78432146326746,0.0627963700113063,1.08205977258568,-0.373040474601778,5.13934225574081,1.41387034800129,-0.0430342257353936,-0.221484335948008,2.42079918140144,-0.08516337270247,1.26639360642371,0.658729560894811,-0.104637518896983,1.9009201370699,1.54019009464293,-0.179355745824905,-1.43518908833669,-0.399270088769026,1.15108832867895,0.997020910178479,1.61202174792638,-0.940428226923367,2.74477124634167,2.5298791112716,1.53485816292366,1.34398887139541,1.98574035997516,3.45249030081534,5.20550904224525,3.16066214488029,2.7677930317544,0.8457944998997,3.75270708472685,2.86408878080556,2.59979552462841,0.669154109293276,1.77548690816236,1.83704558433911,0.21834997210961,-0.230675400887355,-0.607850300108454,0.302221426971633,-0.261683197387426,1.25511593567875
"SC260",1.29130114127561,3.79944332473314,0.733619369647631,0.092053632716703,-0.169603018784114,1.43630880635894,1.61179141217061,-0.0180302116168014,0.458159349959389,0.777149079644275,0.330993884220099,2.01397857656711,3.00494834235111,3.52879148451999,2.23047713828897,2.00050781312809,1.91710961860281,5.28584691573832,4.47482277899655,3.49691327479601,1.36181301130359,3.30049647124572,2.66231909790515,2.75468051206169,0.496113600933425,0.674186774106693,0.160903517035041,0.499651701163204,-0.179644116221059,-0.036023554096711,0.388629414832383,1.81764148373042,0.944317446838109,1.13246538331596,0.5357625773078,0.41101721788584,-0.239403148241631,1.42484688572037,0.817582502800691,1.00987498922633,0.249094350633503,2.82886895398505,2.67578059215104,1.69562149652182,1.67329212581772,2.39072196647206,1.60953025739994,3.7917688666895,1.85043329896552,1.8860865347534,2.65264180198276,0.983575111149443,0.302049130277545,1.74095306721174,0.946251739548006,3.24427103353638,0.748934193326512,2.12478310998846,3.47160491158417,3.00273534077102,1.05057392547201,1.29574820724591,2.36967204680403,2.72746428412703,2.12724245838635,1.09882937012155,1.06987892998161,2.27983236199656,2.1717618370973,2.02766138202165,2.35303886769499,4.2065325374683,2.95927725282275,3.13466464996753,4.30974989151826,-0.149714646269404,-1.57967254995841,1.84655271044684,1.01320073112273,-0.849917409614875,2.36612739443616,2.40106092163953,1.8910699446213,2.48549154969952,3.03639005478415,1.3507065334319,2.85189011785293,3.42973808620842,0.837803822541599,-0.0293016700946194,0.0115125377510152,0.609511526726197,0.0288221659177475,0.579591504817949,0.226849549848305,0.177874154878343,2.89856047263192,-1.35770681484327,0.467772484556383,2.08309202009426,2.75618391567749,-0.2769158083876,-0.500319199578546,-1.59686166435832,4.70655622106506,-1.2440536755247,1.28810723839179,1.66013069020193,0.221123093195306,0.0133783703238919,0.921142688143585,0.196259868989912,1.2388716517063,0.742951711298544,1.53020569332346,0.779039261845125,0.240048105805492,-0.138756096304576,0.282430198090121,-0.0894037068736038,0.278565503642026,-0.890843441706548,3.04967381801661,-0.0144450269541113,2.43032536469277,0.141505723432271,1.95239434806062,-0.206949921601901,3.7205475943159,2.2212249475981,3.55921580090035,3.32758260144775,2.79499809951239,2.9788526581676,0.994214096331753,0.957007556062857,2.0635932174323,2.33021232414179,1.92826925304655,0.718704584722211,0.69824236796611,2.65861352455673,1.22540285389098,1.64786434645752
"SC222",0.93852774541445,4.50249371753913,1.4778519008875,1.67953758682394,1.25107853287761,1.71057129324804,4.35655987251046,0.704274077701456,1.58762915316502,1.69756157375783,4.64956472425526,1.00308683661276,3.13666069163483,3.05219471893916,0.573854312350906,3.0389589231642,0.800562400873703,1.74757909754566,2.17399707977077,1.59493346095538,1.07106390882157,2.66745687223284,2.74109655149685,0.509137418059597,2.52965912756518,2.38203565933226,2.73506615958901,2.64588668154972,2.04205240204121,3.37737671305601,2.71494659433847,2.00647873765222,2.94445901921022,0.894259750431136,2.63189083825371,1.67987685374534,1.13123073688239,1.89072644068721,1.79097169295511,4.1923551345429,0.336097226513261,3.35529821220933,3.51616677928845,2.11739186480541,2.25872320425037,2.81849542699078,1.64615890483216,4.63491846241277,3.11441275644833,1.60619835551826,3.09722195598394,2.17906880682788,3.29145068007618,1.94092098473696,1.75748267900981,2.50735002499175,2.4840182326397,2.20643085128871,4.31891541188206,2.20079561381961,2.18288546049944,0.147560180042471,1.41610883881721,3.63916467548916,1.69511618456861,1.16103438196303,0.70354238971447,1.46550304774691,2.16727195238173,-0.0747304849082559,1.42728145866666,3.450393224659,2.62458351187897,2.93940320923428,3.62096712710654,-2.37356659346296,0.253689437210334,0.390363439776453,-1.17002524500334,-1.12851942789477,1.40499025660902,-1.25009797943139,0.636230490342735,0.0203620297004063,3.51771460715015,0.0283379309263466,1.97719509271241,2.7038421572897,1.64576365913271,0.558567860032835,3.50183402666653,1.13255631067293,2.35755927259511,1.65430360217861,1.65768457709043,2.13097137106921,3.41798396873236,-0.344606290089908,1.51598488270873,0.636148111038152,3.57793664887179,0.545023027510983,2.32961371874959,-0.213117735711947,5.20409863871819,0.239647966741293,-0.577239170290233,-0.112788076471525,1.24786971193929,-2.06006871527982,0.893865135207106,1.74884399938101,1.46967379971822,2.08416749575591,1.64605208817728,-0.191423833182045,-1.52571595567596,0.706764114663543,0.482411162739419,0.31632797740888,0.521737868020302,-0.580139288179587,3.35158954680238,2.42878575700995,1.48899520268563,0.581701771334301,2.29231952750508,3.94984077977159,2.77239373095676,2.5523837667343,3.15243733376836,2.37073967495532,3.88682258702204,3.88003260771048,3.51896377369422,-0.723141590629308,0.396641657066586,0.408735773053291,0.228012178048047,-0.00672684636546189,-0.0294571435100484,2.34742972547872,2.04087370738718,-0.37385209053274
"SC266",2.2257515724513,2.29867455599967,0.359732094578419,-0.354093867844437,-0.364982167836458,1.66539669669465,2.31269492758536,0.62476023929502,1.51009492957615,1.49303327606715,3.3297309455085,2.65507434673413,0.0950978648285593,3.41619278403349,0.120569329265344,2.27479043228524,1.4017693700119,4.94999959558454,4.69712343953821,3.85424919841338,0.450136149751701,3.96381424334229,2.05401642523946,0.314279469942463,-0.723508848558385,1.23002295001925,2.39855203937054,0.929457289128087,0.11545056863057,1.91074371513297,1.38313617346638,0.431846554536208,2.90592940532638,1.90893462492444,1.96906828814242,1.54088720459775,0.292506834498481,1.79062797175253,1.33235337052686,2.2024059740832,0.657734868923356,1.7278306243443,3.45806368199444,-0.868963249410224,-0.0958047710669516,0.514082061072441,0.447253792066366,5.12132933583904,-0.0944225093738213,1.54291729274292,2.53415622202093,0.575171859797332,1.86431691865934,1.86158854595974,2.02799559462691,3.3079039265524,1.97068590767807,2.24581835382011,1.81631165260836,0.662344376694358,-0.0117765550187498,0.998221725055509,1.98162683925658,3.22668365338148,3.91917952949205,1.22180250323807,3.30318769363284,2.11528453811875,2.51753705156121,-0.256857198473079,4.15422074073191,3.20544105141964,3.44394423717922,0.313532757946896,1.93752128707095,0.709222076606601,-1.97094887685502,1.84996842553293,1.79098150174008,-2.15937647394786,2.6048945193618,2.28899231862508,1.97623324526761,-0.11590272758802,5.48106784664524,-0.410017270578939,2.38617981475578,2.61226042773943,1.96004139490734,3.92254871206451,2.72947672360469,0.41159447440959,1.71427647880406,3.20344673411429,2.78773448242001,3.0036384872937,2.40243170810437,0.0616180573760508,1.75337036340603,0.553546557307008,-0.831144933020223,0.763029887112508,-1.35598789800881,-0.772296239721832,4.35955536728861,1.82833414648764,-1.38414895522255,0.984415300422878,0.891241191901082,1.57312760253837,2.44745931621358,1.7282294511137,1.66193462676933,2.47584214450331,3.23863785291379,-0.744210829627716,-0.653482277926179,0.762483782883701,1.10770709319858,-0.259011827577933,0.219230776721708,-2.61124896687409,3.48562056470344,2.45204577858372,1.31720820271334,-0.226164622110346,0.291220954991248,2.03501565153427,1.79256352943303,1.97624715559584,1.92464741547743,0.569445588631457,3.83861982105006,1.47547675629854,1.15760887109297,-1.60188474514128,-0.0191011172541793,-0.376053193887872,0.890955511941607,0.84847432898839,0.240752974981801,3.25694008875899,0.516429357647642,0.460191958466538
"SC267",3.29058800982235,3.46372988157179,1.37073144104058,0.846313202316486,0.109315341792584,1.47097674549149,3.84281560277384,1.4948746271201,-0.829793973218294,1.83310827120139,3.60481870557886,0.943018543529775,2.28249949377592,3.65624449838926,-0.0761491371963968,2.96058128633765,1.13871226376017,5.05411983015232,5.60219332612809,4.03403070100649,0.340054135196059,3.31919513756816,3.58365546764304,0.695877855093607,1.25699703837995,1.93031325675297,1.81995259756775,2.62083968585791,1.04327226321751,3.10339507569924,2.19956562944532,2.1968095152983,2.47671084624561,-0.927952085182296,3.03839894041704,0.499042376875092,0.683151325866472,2.36626646832267,1.22220835900394,4.2606520678343,1.57241772166963,3.9928250235089,2.03739586882865,0.557392740054399,1.54469809456524,2.0151140484217,0.958203901547514,6.08934968832769,1.90828478124353,1.65498343209199,3.04688367091467,0.15055690124662,2.888142164427,2.41489450131858,1.64172050371879,2.50925935607318,2.80247154169356,1.89950158003128,3.34931959080378,1.29988482170507,1.66964625649368,0.884861061266323,2.21478368511917,4.39729019862566,2.64977811422885,0.507698077114764,1.83391233901188,1.69682162243509,2.38974339274335,1.84977253725169,1.67475029261809,2.8486275447278,3.60090709712626,2.66252034356337,4.65385153390098,0.378386084659819,-1.0844464819258,4.73961501125831,0.499850733231152,-2.54206492445403,3.48595719128017,0.459792037547893,2.4211521417539,-0.54125627085415,3.76405322040862,-0.166165292368952,1.78819535179516,4.2891210747186,3.10852421327952,1.74267310123736,2.94149910817645,0.431115415668243,2.14146773253166,2.40535500261421,2.06407846247224,1.57267629118549,3.45444396007337,-0.274042079871576,3.64878088536413,1.61089845819488,2.96593454910726,1.29855145085536,0.909831450158833,0.37940669900482,4.64997568507714,0.0852287048686312,-3.29819521160291,2.50686624359169,2.3905471648161,-1.47194718973534,1.91906950582905,1.02286456934854,1.87228200198118,2.73261111607068,4.62362102651404,-0.167004361172159,-0.742820961446655,0.652351956228421,1.90228382539783,0.853132656249222,1.34300599189474,-1.29337471006818,3.14843423414471,3.71043044314048,1.02584872185369,3.48493752708729,2.774490168913,3.85390044027742,1.10953638319299,0.505452819097722,3.42306394309847,1.90994770293006,0.965342851231775,0.231691560969461,1.29784850883997,0.662504187037516,2.75745306291234,0.708725444069721,0.149518076899513,-0.290806291647828,-0.651187615042339,0.152733482232817,-0.206742372657268,-0.915893233874339
"SC272",4.45568481789765,2.47387137231347,3.21634319030446,1.96999007702901,0.678163205158154,1.17050351210868,2.8532163092213,1.84899594437056,1.90631038160464,1.74776710222574,4.37426450916953,3.32183830086581,2.46161573378861,4.67547183163837,1.35757932620017,0.771262020359166,3.60801917032772,4.3990054937102,4.67671767258267,3.0488862176777,-1.65461050441009,2.99452333705608,2.1730989917628,-2.7625465240011,-0.00388899208954427,2.87227422570157,2.623216445163,2.63786970332627,1.94360198078685,3.82608755009212,1.49597949930345,1.66413525797916,3.81586497396185,-1.29799494846348,2.61046416746256,0.815027455246303,0.768059628081474,2.18838714019565,1.42004233534988,5.00272353203149,2.27888010724711,4.42837982028024,5.29309214101162,1.615917160851,1.63200592688071,2.67904143375571,0.993460295667294,6.93810438671872,2.86368811515194,0.897298942811872,2.75631332362329,-0.0498892259747538,3.37147974845505,1.87392713406003,1.30280994143152,1.89843966935623,4.21389821906467,-0.48727605169404,2.01372529844889,1.02644400645784,1.99017573820796,0.93866541430081,1.11572960732799,2.02521876377204,0.596531914596083,-1.66464753729498,0.773287762900174,-0.563322607097845,2.72367844053042,1.21744367569217,1.87254096426936,2.83704508138195,3.10308622423924,0.328467755635122,3.90528196278449,-1.3681034516334,-2.88584292652734,0.857822420106675,-1.95084287611316,-0.674121506410361,4.13973199260936,1.36930499570056,0.795852276647515,1.55411033785809,4.98281325870587,-0.719209628870805,2.90201349167884,5.13304569481716,2.50959501936226,0.169719145631434,2.50350461908658,1.59603192782513,-0.614840409546466,-0.630974446326468,0.636945999037449,1.09606468415424,5.11551296568744,0.924858932333702,4.60854049018885,-0.509183611646299,-0.70059900335901,1.95761512791037,0.117767603356654,-0.324882490772466,3.57960944699397,0.0847842503070652,-2.76887588383954,2.30767915839862,-0.276038824334922,-0.531241025442356,2.93045424380223,-0.267056688903118,2.02123446574802,3.57029215187233,4.15596871288536,-0.278895971910002,-2.72500713988597,1.26064208564905,2.42983681051622,0.932937595202866,2.67511196673868,-1.45015169875148,3.36692744817464,4.2672337968966,2.76887813601092,2.61027864664707,1.34234371012691,1.03229525565085,1.91764961082101,1.44763330926407,4.7948021066408,3.60100856629077,2.34039202686205,4.47464986501508,4.10773720248492,-0.0265919094995239,2.37555920751546,0.740221454878608,1.94178738075934,-0.469260986461023,-0.715647605135376,3.16912325908523,-0.312523223477364,1.56778608114119
"SC275",3.3566423885464,3.85922575848016,1.30662299010255,1.29082726724844,0.142055889648515,1.0388362252848,3.16358171159097,0.47078882404389,1.17102402690756,2.3537101794192,4.25789583742637,3.17183292103943,2.62088459132361,1.86790003691558,-0.0369942990266508,2.30447346607335,1.15974929806046,4.14643401192989,3.65543819774717,2.29743820862003,0.708418030155379,2.39432592981009,3.08634703370266,0.159890461782502,1.65240474498539,-0.912264169069443,2.14297981427044,0.137699164859747,0.357980867805287,0.887014648267611,-0.101737614203217,0.118120091711206,2.07864957241169,0.250881462116317,2.04077089761505,1.21702473866598,0.113200263534204,2.59755166206757,0.451556415963041,3.12825085421938,1.38961519328965,3.52300163955836,1.94741738319616,0.0318806507573939,-0.666857560673473,0.269032263668677,1.72622766580874,4.99209885077456,1.80372983246822,1.48595296254614,2.80685294650764,-0.597642304147695,3.14820821087896,2.13775390822521,1.38048951452499,0.656780453130361,1.48584170022808,2.22196299006498,3.6687302069452,-0.299409638307662,3.46379998216557,0.0881078789489808,2.88613107798428,1.64538395075253,1.91838718915715,-0.968370428873076,-0.39726745030326,1.59422190302028,2.29845698975302,2.22811638250229,0.94136772027279,3.54015370889764,2.76543976208469,1.14069866811152,3.93745786952123,1.22835152122838,-1.46981214613919,0.733351490787838,-0.239370954427159,0.51142132143382,2.43027293071534,0.613993620448961,0.636748557196682,0.559740880616495,2.67202595070641,-0.395293341650828,0.0137469226145546,2.69781863925516,0.219387954405617,2.48372445714248,2.85810793698367,0.687683089713623,2.42357351128519,1.50792944782528,2.1399438872651,0.447711666405912,1.42940923438085,1.97012912901778,2.51304391221139,0.429722069105989,1.99112734314003,1.66885127235609,2.05649396736089,-0.182193709841775,5.00897527489904,-1.92286681540024,0.269360740140389,0.168603110509172,-0.346890873533292,-3.06575615120121,2.79630076895205,-0.548348142947865,-0.084813445796486,3.70376914701111,1.21671195895148,1.07050584030089,-1.74607286780194,0.886032206356754,-0.0110572578793076,-0.636797939089283,-0.420142635615235,-1.73822539542542,2.86806350561368,2.64203227524466,0.466818785792981,2.65660761901299,2.45213341919521,1.92376770679856,-1.97553445285124,2.35680679211157,0.911702458751884,2.07108927832487,0.500895854594792,1.87226998298289,1.53418168856807,0.441927982133235,2.11135745873984,2.3542266972526,-0.427140689095327,-0.42095896811075,-0.444236846432507,0.0469735731013991,0.153763312783344,1.77193088124037
"HJ809",3.88240913610673,1.79167156397641,2.39361807283926,1.28313402807751,0.16790747246593,1.77963220563599,3.24393425779219,0.229404339937949,1.13023561353981,2.19698541506379,0.664822173625162,3.19019010675947,0.545699510095487,3.63526249651447,-0.522625708047633,1.55733039783324,2.41218418949488,4.97778481951531,4.80903085855131,3.47176908876614,0.976280710397889,3.09507698180151,2.30493054586091,0.826666117389764,0.942236749167469,1.80723844793556,3.02463466509968,1.71422187811513,1.2876092432457,2.70820990217161,2.28933744394377,1.5536070087621,3.02945444013925,1.85624098350758,2.246010732459,1.33125238958289,0.677817933574584,1.41827144660764,1.02765685961202,2.50697699114576,1.27328443525567,3.37599761428369,3.1686939522855,-0.187083439791132,1.10548265506801,1.18707351108482,1.28043687823767,4.51892295493111,2.02909491214361,1.83517093266543,2.61739271021583,0.89640104201031,0.854752090611106,-0.0463827406667211,1.91008847159066,2.67960607873551,2.51443205288991,1.30129990951125,1.35560096445676,2.38286558121566,0.988269898440936,0.874901777222926,2.30780476937177,1.41144815998525,1.93484767391682,-0.479244919686829,0.0823356058590778,1.19554365135154,1.59921452056553,0.231781119141064,2.36334290346076,3.32844397511295,4.07903814805377,2.48747204093069,1.13823457241335,-0.886988840411481,-0.850707165773712,1.90582922476051,1.81606459253667,-1.02124539797023,3.08199139284492,1.44890109120984,2.38068835067373,-0.913089688470369,0.947426150360916,2.14438969384653,0.455931113536664,1.34406864273352,0.172312239250705,2.44387151066251,2.98497165345984,0.738519005171314,1.60375668074307,1.63636441577707,0.816235262584201,0.932439977102005,2.8962046341121,-0.371338168116421,2.97453132173088,-0.529860289062483,-0.113854441303773,2.06902602636149,-0.906312237542777,1.89505707938445,-0.488273049308808,-1.00316789670501,-2.25901579963301,3.19963320155598,-1.31430530408769,1.83910739708018,3.95114241687808,2.6749398546176,-0.151866224012238,0.637600190957669,1.12060398886364,-1.78730499711685,0.210597325759125,2.28376583967222,2.07974032373738,1.07975864206788,2.6627698517616,0.198477967061513,2.68449593995706,3.99285262133188,1.93574002647532,2.16906521612975,0.263530120037041,2.6598392937226,1.71360782863873,0.320470912339537,3.65529566438733,1.17754262487028,2.65944628422786,2.90232161111876,1.48815775241816,0.672253065376249,2.34883712530743,3.17106316924092,1.54028904402037,0.582250050469532,0.517442889794857,2.70237743571643,1.28017796653403,1.26582847972927
"HJ867",2.54286538922166,2.10738786488899,1.471963824438,1.04271048663232,0.0735418795263276,1.35876922952235,3.43275502813816,0.692166480732269,1.30710768553514,1.78250126224977,2.62057648896156,2.93628372025681,2.93007841147231,1.69937916177982,-0.389854965461994,2.76773340319311,1.01109003892734,0.544992707439505,0.694770881088677,0.111081364250852,-1.33581335204536,0.130356162785998,0.653837041612592,-1.73624503615396,1.91589130475591,0.20963747433162,0.203430959435155,0.0605084420200412,-1.27109749679189,0.160114853021364,-0.559693094995845,-0.313022505889159,1.50072221789625,1.77228750808764,0.404721752616041,0.698471135033775,-0.591681100501197,2.13799201555332,-0.0388284638827397,1.24855423653449,1.59795107342431,4.22798853644165,3.83176839662538,1.19265796040294,-0.137769938570882,0.444052401638146,1.18023036496467,4.80833271175915,-0.111598335635241,1.36760725778602,2.35096999888006,0.92463028143702,1.79448477572615,1.74968146880685,0.571355451338039,1.91729016730139,1.53503155087004,1.3552347404375,0.589501006700775,2.11895167195708,0.848689102171991,0.845106564723053,3.02505103776474,1.87516057494744,3.59164526084128,-0.326213349883735,1.42302217960817,1.76112829050629,1.93776531864804,0.972961679429842,3.28962093521234,2.39220150375321,3.40599836876464,3.30214030687902,3.65390116763299,0.417425138537561,-0.502434260753064,2.12577669212083,2.1010914617567,-2.2567603986261,0.854536181273029,1.91107045900297,0.705052557828869,-1.52362194597874,5.15239453251428,-1.43818248032159,2.30523653647073,3.3982117371929,2.32021809873719,-0.0408227411658245,1.65683367031187,0.562353099523117,1.71491380473034,0.644936336817949,0.752598195910483,0.188810645833917,4.20102080711237,1.16081644645741,1.49928037429615,3.02387656478258,0.728433472930808,0.572870198803297,-2.56459119014056,-1.3273466418737,-0.151766275132278,-0.628139103977718,-2.66668653382219,1.83401709140745,0.677570289149057,-0.775458174856497,2.85786270400845,-0.117200973795774,2.1668967377759,0.95881789096459,1.63286352536897,-1.30991240600131,-0.817126314769989,1.05548888383943,0.674431280604497,-0.377551177656853,1.45608927421716,-2.57726673400182,3.87783074485235,2.67864865978719,3.0841774905066,1.15459185220837,0.314730655396253,1.10892520530288,1.0598635592263,1.52752333968163,3.13912851066523,0.382921465143863,2.69384074860017,1.64241957109592,1.37036778763133,-1.01362849766881,-0.0595994187618243,-0.538205944651776,0.468765739710655,-0.457435190659988,-0.912081485537199,0.517281848581823,-0.6411115066232,0.542599920413602
"SC361",2.91640512350544,-1.39437287679578,0.305519286657383,-0.595005328423046,-0.394186908511089,2.09465454676731,2.69556563120562,0.610996940522061,0.582726217341853,0.197441357598692,3.30778030520069,2.24434534251071,0.0216107961844878,3.8337871384529,-1.03848554340267,0.578253231892274,0.73375273790023,3.47791577792304,3.81989998165534,2.20866392275891,-2.64114947542177,2.80586585117719,2.32697284050648,-0.981492540233014,-0.884299257772267,3.58206688113001,3.58310905732362,2.37939917151592,-0.676638214050223,3.25294295181039,2.42893757097604,0.0882062429635076,4.31760279908697,2.57867242217647,2.89963799113956,0.511828704550745,-0.789277573903252,-0.270943574470319,2.54555423185923,1.41000430472639,0.773612046664483,1.70724959274002,2.00473762953227,-0.970571717177943,-0.169799457957755,0.734521441591777,1.22432278118205,5.4805765152334,3.39286846899036,-0.893737883981238,3.08135395780274,-0.0919796499892124,1.56779037214275,-0.185399461537468,0.938179173689873,1.48063060926899,1.83165069750176,-0.824964615988368,-0.185421864259229,-0.83368661495321,-0.0364290666850657,0.231012076868282,-0.177985522598653,2.8330715968166,1.23945960605331,-1.47728576674199,2.38640455590137,-0.483370178165293,0.295861152643414,-0.040819652689235,4.82804769745834,2.66696544499171,4.076695074389,-0.267118144202163,3.93723903910806,-0.684389691337224,-2.93420647583271,-1.02646022583065,-0.410509185131018,-0.746647374871181,2.99813642436555,-0.0167579004907746,0.104130678511844,0.709184313085852,4.78391116098272,-0.150635426427525,0.807906897402416,3.73337335134432,0.577695931117839,2.66075412295128,-0.0262850223852437,0.0949138805497387,0.106466991884247,-0.264920478152522,0.36172861801743,0.125751381249959,1.93993717184358,-2.10201689095803,4.67305229566871,-0.113221231373892,1.89831691117541,-1.36743460726789,-2.54635967293776,1.31970748359539,0.879078294795867,0.355768992258637,-2.42151935736093,2.09501634052985,-1.86429345329124,2.68000475486169,3.58368842483623,0.0368107111598328,2.50033440046293,2.71567183250099,3.74713904799737,0.501902206677628,-0.249190300356837,2.68724240334331,0.442527086997621,-0.0791193293582463,3.37506013181649,-3.20101776288414,1.51023939099826,3.29516920850108,1.06930480131622,-0.743163363421735,0.833425371410478,2.81179319804035,2.9191638179952,2.95420939232729,4.71050405568134,-0.0025927737670927,5.13784393987768,3.13956708751044,0.329544915847985,1.48806086932521,-0.115460819008136,1.86426746983703,0.543802724157434,-0.223028615158145,-1.35250562569395,0.698455743224665,-0.706808779482927,-0.355304795048261
"SC388",2.59506855054591,2.01609993971771,1.56464635275724,-0.0770698293206257,1.17821010206474,1.24623918844461,0.953263522356082,1.72914208001492,1.68371207230889,0.578542905393987,2.66294430237632,0.447662916112808,1.86045107134104,3.82831597766193,2.17578618187574,2.05273800323706,1.63074327773077,3.4054608182901,2.87912841459865,2.30810150478218,-0.933383808473927,2.05370409110283,1.32676583535288,0.702756727768391,1.46950840764155,2.73722989409105,1.84444835068481,2.28943306533869,1.67056571381123,2.1082441295174,2.18186732665401,1.40175014218696,2.43149727314521,-0.292308881746453,2.13212906588548,2.07410049853831,0.924822808148117,1.08584975951366,-0.0642605924061344,0.58760672884649,2.50530974753183,1.91063596120615,3.24349377627912,1.42651193784514,2.19070576862959,0.41583169801041,-0.0202700898806518,3.49697713453244,-0.266968243891657,1.68441272833937,2.43200252202212,0.764909974638471,1.98615366609716,1.34511135259204,1.72063916375655,2.9507100495471,2.34118266928548,1.38255055552521,2.88837085280058,-0.201979257467212,2.1177266469033,3.07468074417864,1.44668818234012,1.01330626105236,0.76883102931058,0.0382445638645082,2.84952902420405,0.134879815758101,0.202422442177629,1.41355244461647,3.44569693177983,2.56241725445273,3.47652298613347,2.32126031645326,0.537851790480265,1.84401748392119,-1.48971987707092,-0.795406680611046,0.276791689682398,-0.0314225800562317,0.205832925571867,0.152144184098873,-0.0137708258096157,-0.890010261679185,5.22847092182623,-1.53051065496184,1.0203398505362,1.20756987324252,1.52897223332667,3.11021522078496,2.91114917982309,2.70338080845092,2.14984743654159,2.48644128734296,2.51654167730812,2.03341459241382,2.9866518720231,0.423674483726309,1.82131135387864,1.22247807234963,1.9488626040015,0.267211829146125,0.158111643608558,-1.54001738067228,4.36874398513887,1.67582938441563,0.469795459952163,-0.0580146926756971,0.416884993490509,1.26485868861608,2.44021248607987,0.174766615845983,1.55565058330648,2.2584964751019,2.36647940401699,-0.292104508892723,-1.6332257124983,2.20268978548536,1.20151882303929,2.4494162239583,1.8150806127761,-1.5901352927228,2.18031001269396,2.72600574406787,1.08646498367384,0.865582659960423,0.546588542348638,0.454429509465642,-0.00697789279522164,-0.03383024590743,0.955423571798046,-0.205273324376211,1.49390480894379,-0.323130005652472,0.10171740617771,-1.01551703756728,-0.0313901393368784,0.0731291562847682,0.355451188424665,-0.0928850612092163,-0.748256330950764,0.389875485299634,-0.404713168507276,0.66248405225233
"SC391",-0.00858866930456054,3.23382932071659,0.92781974105935,1.47634190883427,0.603985097809791,1.66738716337543,3.73197276015578,0.481314586084719,2.27888095088503,1.20583597503459,2.64603207927251,2.39677305964756,2.30918260325034,3.31928636982399,1.40793669765658,2.61434169941564,2.27720713237892,0.652367892550341,1.58327660873496,0.396067312851778,-0.153933482656514,1.57975531986521,1.92626903304649,0.749670112206186,2.01876891057358,1.94038682188643,2.47019066151555,2.9450017358274,1.22967544691692,3.06790264433828,2.53956407078008,1.6298768312896,1.41583682583378,-0.529931117090481,1.38632563216508,1.10394827438596,0.629642524779826,0.492248780641824,1.49600517445776,3.16886238343195,2.01645795986298,2.88731956286018,3.8867257264243,1.40184512743569,2.27093846825785,2.66702173695953,-0.830062355888751,1.83775461683769,2.44707675112286,-0.730719852337793,2.63643508915552,2.11143995264337,0.869210384085633,-0.0817159903997217,1.80263890164303,3.90678039099716,3.26272114400777,1.77249710442021,4.41577737443717,2.6410283530388,1.30647726266706,2.43654674096144,1.63178446418748,3.26059383318583,2.05091167728584,1.54149703094869,1.36076058267133,1.11309321855804,0.0272244678855112,1.89769159945128,2.03149122585999,2.68931424685374,3.04250472248285,3.32271564168988,0.901725135881251,-2.08062398484132,0.0342211501906504,1.38892048733165,2.12641545659084,-1.68524281695894,2.30448093975641,1.325527182715,2.26226003172395,-1.00002383556251,3.72114834386276,0.129482223527802,1.23031637615759,1.49929219212325,2.11996495438931,-0.380044951900259,3.37219426137825,2.51607700321249,1.78846916525529,1.37552567302897,1.40708922398303,1.41882805811578,3.20267434478684,-0.340638710201267,1.50467049401332,1.12194800811985,1.63514345394275,0.0145080223313778,0.9323581663078,-1.07988990599345,-0.261213168245132,0.816042009981433,-0.839836795687294,-0.215352050413262,-0.920365508925215,-1.81095270463169,1.82242119643397,0.109890286608456,2.24334790057974,0.604695028047394,1.34330482021998,-0.643182075603847,-1.91810514354538,1.34045297983778,0.183086130819434,1.92290785437453,0.997083710129035,-0.832312975999397,2.76905594591021,2.51721119853908,1.58527868548169,0.430123767795901,1.33788068950223,3.05237246616956,2.38217892543789,2.35116201999717,2.41528446373903,0.101484938950506,3.27427636733935,3.17177711273856,2.59220772907922,0.497322885176054,1.84020794957813,1.53622978792868,1.68416150861,1.40451338190266,0.645176682811173,2.650328497316,1.43391124026335,-0.358457043762007
"SC424",1.14966553481959,2.70987723510848,1.75442179247794,0.719806742627229,0.245183237109442,1.74495659296975,3.95423860503386,0.867423885675637,2.70138290491404,-0.0197859878679069,2.77836915848578,1.52126966235073,1.85371347492392,3.09242030468836,0.446493215089348,2.95020816600901,2.56599067969535,1.37134843876521,2.11644228844831,1.24537463019338,-2.94934217114987,2.0561929649153,0.757435478896164,-1.36961753666895,1.3477017245092,2.27614585403312,2.78496258205234,2.51933451341206,-0.301522356955075,2.75696759679456,1.66293203733421,0.645884282477298,3.77057292136295,0.681280453870752,2.81416256999086,1.84142954132903,0.941701477128896,0.641288577358382,2.12483353332491,4.9064430484351,0.85350236163321,4.30535865556877,5.81593159948589,0.529528777954143,1.745927048732,3.03764908862873,-1.04348540105823,5.53696778667594,3.00681343908995,-0.582147441830907,2.93080325347041,1.48997873545766,3.94814367454518,0.130329096625434,2.46003890071809,4.67528388695725,3.36317864978501,1.74003402399361,3.47074639555741,1.06765827526672,0.332970079143413,2.68856478968402,0.686564927139572,2.75793824602805,3.394239858771,0.091611151337261,3.51152106617611,1.54652698371927,0.301826306384874,1.92868709175856,3.02800597134962,1.93523426985604,3.7214863045888,2.93179246611888,2.8418977072097,-0.348541454055892,-0.995322949417048,0.1063992119672,1.54123296359446,-2.82263616088241,2.67944310454682,0.3972626519448,0.322846039808763,-1.4369293872972,6.42355860050807,-2.71126715787325,1.74511758497913,2.61164183482559,1.89142865643221,0.744539489030363,3.35253726049964,2.63029435608303,1.66707452942991,1.10475209749753,1.97973084572405,1.96765893084436,5.00222248254979,-1.23144701234922,4.51804693931954,1.17815483998148,1.27122674704029,0.121329914452696,-0.934840762560393,-0.67950605211843,3.82661287051581,0.999337602811694,-1.13738060817816,-0.588234477840007,-0.780287882533975,-0.845246550152925,2.57985554398557,0.83706027681685,0.442632773716539,2.41960300880971,1.97451092196259,-1.93201158951663,-4.68248031134593,0.327928036113437,1.30917685994948,1.71891201396712,2.03926271003064,-2.94906554568546,3.44746984901848,2.95917214233601,2.00388172137059,0.444473101115726,1.5475815473426,3.03009811065908,3.58880703260038,3.70240470600905,3.40789205480137,1.45833745165224,5.32445139622483,4.33223664262592,2.73295343889169,-0.752916037500198,2.24089856083398,0.652708343134877,2.24907915494081,0.602152919162058,-0.128644261066666,3.35746088051475,0.945411980984978,1.16152501229121
"SC442",-0.035096480645631,3.56614971501774,0.784456141981296,1.64263765066754,0.933120020041071,1.35634250520629,3.81674500764553,-0.618172595715841,1.38656503102438,-0.00159391000299101,3.31789237863238,0.589847469268463,2.00856485492998,2.52524145483523,1.32745377926424,2.43554703036228,1.62447080998973,0.78423504815951,1.36881963244814,0.505202665669343,1.39284357632264,1.73597347579895,2.33954043883617,1.87868943483102,2.63466811026634,1.5432349161258,1.46383779997692,2.86861024074479,2.01349714863648,2.31437770851117,2.82174003360849,1.63982458682966,2.04928367379569,0.823631547894005,2.88726790720705,0.198748525437954,2.40220317940122,0.305026231285031,1.54829262561945,2.72051020605365,1.61856655042792,0.341995527267421,2.85382453676551,0.570134234802664,1.72488850767295,2.14012736245774,-0.494056342094832,0.341778517809584,2.12368200748069,0.508633528067349,2.79741539205116,2.50345079702274,1.24038400946492,0.175264699454829,2.11059167909183,3.74010655725336,1.69675620314811,2.6106362397458,4.15086955531347,2.23538387172962,1.48291158980437,2.26465401846435,-0.0913328091029749,3.72510251621459,1.31571526687327,1.84467130381888,-0.0221729307276663,1.65102627374762,-0.166834949845958,2.15123579497451,-0.890376929247113,2.86495792328824,2.79898491329019,2.72916324748672,0.296476732005186,-2.58860372694928,1.02522763741415,1.42307820647514,1.00237460560772,-0.791671345401977,1.68561914632356,-0.667817972615987,0.855520670203823,-0.422528989605599,-0.0483652055769399,1.22650736370711,-0.374817379830765,0.976892701458565,0.792454222199777,-0.591308440188259,3.47031411799733,2.34044447260892,1.28889004372621,1.63302423268924,1.29136397094179,0.962541038951378,1.94568398748339,0.721148699321931,0.748541390916815,-0.501954322054857,3.38889219241369,1.09031841093108,2.68413984371967,0.303761010753648,2.11858397714204,0.102604544430603,-0.555817383370195,0.585808848051728,0.248325321792838,-0.946423506430084,-0.341909964721189,0.217744166985135,1.74727746955203,1.42980645048247,0.623162695233109,1.51809220260303,-0.559545648028096,0.957987212966294,0.701229385564495,2.09055069415453,0.858460424336107,1.45147638927732,1.64259373810626,2.28319532876276,0.754371796594281,0.300207005422207,0.9547478547877,3.73762563745081,1.62464887766503,0.535667477964746,0.616785735184416,-0.592875386712684,1.49105767555557,2.0471151178844,2.12218634942561,-1.00776733354929,1.68824854029837,0.926339925640737,-0.44936383852665,-0.0830335029369298,0.172507327659046,-0.294630691279952,0.396195546486845,1.07584754229593
"SC443",1.17767719734944,5.28885349152378,-0.226539026112653,0.0148495166289238,0.463532060998506,0.843435082703309,5.18308805451991,-1.66075302554829,-0.955812352522069,-0.205246614754435,4.05938486342426,1.26569840133453,2.55284305203255,2.53977388863822,2.54906500985865,-0.251988474654269,1.91267934794552,0.259077298284115,0.0621784247399088,-0.267198000001514,1.18778117719982,-0.131274643411617,2.23519013905422,0.408400723600843,3.30021050300697,-1.78110245149673,-0.0353201833067188,1.1011271516485,0.474257212862735,1.04786214252229,2.11715232250703,0.242001807672237,2.24209970477581,2.83801423112486,4.2039637443875,-2.23271840712887,2.07559709495463,0.313139038978773,1.89415807050701,4.68350387789417,1.03926346952719,0.140962801828737,2.3727168743391,1.13269243032185,0.161944699059414,2.16063018311434,-0.876761808689186,1.08648611708795,2.88876906439465,0.968158311365342,3.26832594812279,-1.08120469013742,2.33169566140636,1.08213325655838,-0.263945082340792,4.2890809720192,0.234835426155657,3.73065290569737,4.06221297723288,2.93686213974291,3.19766046910054,1.82080316370509,-0.271973289986005,2.68565424836291,1.10036691847521,1.57437220128829,-1.90561215393957,0.969123082566055,-0.429598242676148,2.32741153053716,-1.42659725863408,3.88001698157307,4.20241052774833,2.5216978989381,0.900008996998317,-3.5893771646468,1.89413099173358,2.81226439209087,0.465778475574258,0.406205347886069,2.85662887790887,-2.75242778118954,2.78456192315612,-0.656702727399289,-0.743488150190522,1.55107612760577,0.427665441608883,2.37430492625782,3.2973970156275,-0.147037629414452,3.66290373908233,1.91103692596578,1.13200006451486,-0.161430716076523,0.293942381244124,0.0562536532998106,2.13984751307343,1.75197816178747,-0.413989975151114,-0.712798349426477,5.07237017447657,5.51520835215043,0.216416020084653,2.46245186346415,5.54585924048414,-2.05250447694688,-1.41337767227461,1.90846158712598,2.70193122266089,-4.26904442781214,-1.05441867287621,0.703964189903254,1.58776126567804,0.885112979198904,2.43962831532818,2.24714009748559,-1.35338144558548,1.38275099088211,0.491712926821657,1.65622859731751,1.34765305007997,2.16640357562946,-0.20602890810827,3.05779374012438,-0.822284509111558,2.57623989129914,2.64224144532177,4.34944646488996,2.00041006662031,0.911370008892465,-0.482672348459843,-0.544048074333734,2.03529425278927,0.49488382813537,2.69753601762121,-1.26618044386359,0.7597267834562,0.903837185242747,-0.963595902684758,-0.0636518771452098,0.335285983670163,-0.748179333299111,0.948646155710642,-0.665832957296326
"SC457",0.0429800207480819,1.75678138104927,0.354995138195175,-0.746089942092533,-0.367048331931599,-0.372893162131406,3.15125072193473,0.414133080975218,0.628601598544526,-0.189401979045473,2.26450508113163,1.43472251923436,1.68867394774955,2.6060396650751,-0.115946586415707,2.22619315900595,2.5905940942357,-0.191877995184146,0.71847751639914,0.130961871196891,-4.133033421298,0.39501912068828,-0.63589157689857,-3.38085462721006,-0.854810623585484,0.00437150598864869,2.02683719117622,2.12484188875554,0.0193551812831516,2.59079160039779,1.3515854409121,0.92091880397952,3.11230575693355,-0.829818140313138,2.13928626590513,1.07323848615583,0.955698523392972,-0.300170608219365,1.32930519721896,4.30441899852854,2.87718331697303,3.34599329406336,6.61091485966303,-1.33610194141189,1.14848525421148,2.91875573363989,-1.50260459724553,5.17054575421853,2.38489932331533,0.432856745295218,2.30189651244998,1.8472654506945,2.26823880178402,-0.104249293481505,1.38252133800224,4.26840885018843,3.91261413109227,1.37807316148668,3.82099432197594,0.589657445549809,-0.264844428286044,2.43740275943232,-0.297008928313268,0.99775059984316,3.41523854784509,0.603172712981063,2.57130120669058,1.81350652668284,1.01578531890008,1.82028413677309,2.73940004804884,1.49400650900296,4.08013404425147,2.40516227362905,0.515220994596046,-1.20194134248356,-1.041796786049,-0.714694122264606,1.76570190502551,-2.8392759080677,2.89118856147423,0.988914519139398,2.08976129633534,-2.43708675645449,4.55576441744336,-3.1325576913359,1.53203370940159,3.01891352884644,0.404168154637779,-0.0856511812182738,2.92690401507342,1.34883557675397,0.186976535230842,0.75211538933525,2.10838023865273,2.05174748090414,5.18379433637435,-1.10592876336767,3.86679635062256,-0.0811298368981947,0.851378861128575,-0.408769979140385,-3.44195241241614,0.0613643945466674,-0.813825887085756,1.21219932875493,-2.9557987754984,-0.0709998197211582,-2.68658297041174,-1.60305822950432,3.16883817498003,-0.809838501645331,1.78931785950296,1.54351499570533,2.32227242174728,-1.93341472655665,-4.97707238541092,0.725306030427479,1.12289929271254,1.54030074488804,2.14724884776352,-3.79181316997067,2.2133477856485,3.28273842677726,1.75746965726902,-0.553848473979364,-0.0594221418837438,0.826048514515065,-0.20809086298088,0.120190939389196,2.27680847972833,-0.808750844449428,4.00139093558023,1.89645389529825,1.2558529774778,-1.67782511981099,1.85526485690733,-1.12012023655254,1.98609118998621,-0.707004742474616,0.14297290090719,3.02282373288207,1.00947472843136,-0.447336696700159
"SC455",0.0511048604513253,0.0727621028059975,0.181745408062064,-0.567935507083057,-0.287887807743697,-0.441825155875458,0.42524130331864,0.190128484686834,0.928756452965846,0.0120086902852011,0.66929851133427,2.48713039270962,-0.288567797045055,0.186463607845652,-0.322127405891985,2.86475569056321,0.605728906820435,4.64797313199115,3.68535902660754,3.66730727789772,1.80440916584765,3.61699325665779,0.311035027455086,1.63587561464962,1.25943618614582,1.46270580256398,2.09250515551724,0.459207462944407,-0.106133105087646,2.61070028151379,0.426050960183289,-0.0937139254656393,0.101728274331798,1.87334987695482,2.70396471203948,3.16570852300745,-0.0426936123106652,0.717272315222604,3.01479133512196,3.5065220518079,1.82829424446648,1.14611861406644,1.43477785989801,-0.329412180245089,0.934309749165602,1.36895288810522,-0.718703548475438,4.79556122414336,3.30777777485346,-0.664741513899861,2.71981244003186,0.781996447760336,2.59869877944139,1.84720415513299,2.53445696451017,3.81447753221231,3.40949975295203,2.00826619508901,-0.110071666522318,-0.466288599608561,-0.322239021383329,3.02892268312999,1.41364023722959,2.61710647421928,1.97364378056072,1.19686241003623,1.17887212756855,1.38531580361599,0.187653601821052,-0.141828318721252,0.621179119748195,-0.482585989991599,0.114223047666135,-0.312990864335823,0.477132907340805,2.09962808176006,-2.16505049424567,0.747931016791034,2.07047073015445,-0.80205384434342,0.985908948976529,0.0506451720554749,2.40237908896166,-0.0436912462844825,3.86332531426411,-0.429157597356725,1.93578310551878,3.37810813658686,0.91306368388269,2.36491208793904,0.778052427767147,0.158083102745323,0.210210295702345,0.568504012503204,1.0569182697018,1.0317155783347,1.39332860032759,1.0869214655599,2.23709049232232,0.515570420296287,0.979339682259336,-0.169714488515115,-0.964356731691719,-0.93826261040656,5.03774204634183,-0.339047695605317,-1.55535375330701,1.21664062604946,0.218847457646114,1.10763384500708,2.10227658826071,0.594894797888889,1.83897005157865,2.3070059873068,2.87228774402725,0.705495537396548,-0.572358176496439,3.6447233700532,3.95569742206926,-0.353797943415728,0.241858199110823,-1.71218435163329,0.681871748586817,4.01374677655787,3.04025329425479,0.0305699711112334,1.20305645566606,0.330928926097596,-0.723229159133094,-0.159485377018099,0.940322644915544,-0.323297568217129,1.49305426860859,0.601993853553958,0.302822936045934,-1.64478648265158,0.203134821153765,0.216701088861442,-0.00534508568242765,0.0337917788436555,-0.798191947132646,0.318274309219146,-0.230853086866364,-0.384633041843153
"SC389",3.93921062253037,1.20593404535769,3.08702767877467,1.92622357262186,2.44241075371985,0.128380668604578,1.19724556678326,2.85351842630757,0.6990886118406,0.133203811360592,0.870687506968722,2.13151174659838,0.432958778605997,4.07351087421996,1.34129523421524,1.38656849422387,2.88508054944544,4.01759035443428,3.21798087068767,3.34312752956772,0.305570102039946,2.83595481394134,2.15135379651539,2.82330840462233,-0.125712276329411,2.24336339143962,3.04434122260326,1.97694237555954,1.72865492515574,2.62501996851962,2.66180173643275,1.57993268944902,2.13790627709846,0.999685175107571,1.46726612742886,3.2867403515474,0.696179769115654,1.37271144399785,1.62512947502809,1.75933265525136,1.8640913506249,2.03282691463558,3.51615134194483,1.61638012082675,2.13523311116712,1.96477318959913,0.831477439587815,2.91991808443016,2.10050853359303,1.97509124879473,2.54749539766768,-0.0945820688121847,1.60755407151683,0.576742138676206,2.80263134929823,3.28100918515033,2.45902927023273,2.24851957087036,2.01948293357276,2.90285539732323,2.22784937303805,3.07015942650614,2.3326903966878,2.16182325784619,2.77173773204207,1.69331362062223,1.52124801402625,1.98693129272084,0.0818377941997644,0.408926911530748,1.46706415924648,2.10334601452517,3.49936456183184,0.838081469300386,0.19162286675507,-0.694991668360509,-0.449005217222487,0.894669803541054,2.86017837149834,-0.44115768115261,2.58691869903852,1.63966404799135,2.04565100245262,2.3427796766766,3.36502216373386,2.14637549693028,1.93073612307445,3.67228500094935,2.08700833221185,3.79043594903853,3.13572141506384,3.33119373464152,2.26642827806618,2.67721882609742,2.93978185761505,2.92707489074853,1.25322230329917,-0.937680314040339,1.576319361003,1.17529765838656,0.896972533536354,0.792891203964154,0.0448709248357457,0.568759269772488,-0.12762464527047,0.659554548674377,0.95224499213321,2.07423726180686,0.624444440154056,1.57594396684258,2.9787936525866,1.01277091271317,2.42294414797978,2.41205963489104,2.36638027419091,1.35367417889404,-0.00318786554534094,2.54050089401767,2.18205267351539,2.15187796957904,2.20713319317222,0.602611387128308,2.04188722059545,3.43970979743507,1.53978786270592,0.840809692143856,0.602669269111725,1.3370711045462,1.87735518573894,1.47858559044156,2.65140597488944,0.594856711342633,2.24494258942602,1.77487571122475,1.30311629364262,0.514441331000646,1.75630559667857,2.16676762449478,1.56030396793627,1.47233427564791,0.899367375387138,2.69962967874005,1.24847775380718,1.13712133013127
"SC408",3.5536509594212,0.766761569900561,3.00418692559573,0.780923641577724,1.70809691257702,-0.615123804764105,1.46982868930461,2.26009708191327,2.25160507634687,0.115867875162221,1.50041123521482,3.17697309033065,1.92644479315125,4.01783894714849,1.84789754535542,2.35237219275047,3.38125441477888,5.13014150924788,4.05753476652047,4.34318894303035,-2.33997701376643,3.37692216104349,-0.614660638859955,1.1650486445589,0.149424231369119,0.124585714099282,2.39180488280845,1.56999464300091,1.19774028879301,2.35823227730005,-0.0115473039786369,0.264992745719042,2.87396518539522,0.563743843787245,1.23261538288167,2.7130153661539,-0.731768943346642,0.86115104603847,-0.976756246601989,2.3697295758188,3.02067527334011,4.09373247199955,5.68295030410977,1.10901269207515,1.81480841576717,1.935679924719,-1.36862727366703,3.13567734537725,0.832665553686907,-1.41304112689904,0.0800799443505607,-1.04531546600568,2.69124016747783,-0.170694602992555,-0.64595267245514,2.57229739363207,1.58066329832406,2.32493872618339,0.0808126859539051,0.659327054339758,1.56793261201693,2.66156650512128,1.45548714656985,0.19347513610856,1.77641892517748,-0.711474697702376,1.73343682667778,2.12952758373141,0.316286224977577,1.04322682352457,0.00202875508374779,-0.841725701946102,0.2565097571497,2.76487097519228,1.21109523295387,-0.610903526709628,-0.812397771350778,-1.3213866313472,0.972597232633347,-1.88944414555268,1.90671686274986,-0.456714960759898,2.64569554186988,1.28195600689148,3.57859092054357,-1.05133044534478,2.39350351655119,3.91497197358912,1.93426717275312,3.97605192079105,3.87548238050673,4.18865167273004,0.219977906903818,2.00311154985959,3.7034441673609,4.24348629225425,1.70580067890259,1.08306048826513,4.39332408346206,1.11642569780897,0.019235291734783,1.94316479863214,0.737314516687172,-1.29303793627499,-0.72235330425548,-0.310384820234404,-2.35785575183455,1.87584599035483,-1.72314019458696,0.270619701647126,3.14233947065957,0.339720630609556,2.13510973899588,3.41476033235314,3.26496964599014,-0.406282480433924,-3.9672496095031,1.83987961110176,1.74125714572506,1.40184057190701,2.45412579659025,-0.543143328551122,3.03674631612676,4.07383470574206,1.30125077407845,-0.0389648576092007,1.17596337823292,1.10863874304252,-0.862916723384099,0.0302138205744146,3.43224310020596,2.64280025432487,1.86615110952632,3.6187533555156,1.27646778045052,0.0368023557263762,2.55473916463283,2.48993963489736,1.29107005609889,0.449262937524092,0.0364114998689217,3.13073052819571,1.19020365010346,0.77591139753081
"SC409",4.63702752734724,1.83314553049883,2.75420552749916,2.25506842570164,2.52664704652898,-0.426054060940552,0.746748119430817,1.82440548856066,3.00210494616539,1.59647654692958,0.415502980865849,2.3544254307191,0.858750932600475,0.399404198889675,-0.346290388681589,0.542430400689786,0.603652882776692,4.05085460553701,2.6153968957244,2.80387835515655,-0.113186537826884,2.4721980854647,0.0610163015731363,2.86304424001296,0.535002111157226,-0.0797535072471116,0.769781772204521,1.16206564139835,1.13624808299435,0.859274179546373,1.46506241047625,-0.36142078857506,-0.0225181094078874,0.233550657204813,0.253364416706705,2.10396713430288,0.143589259495984,1.1004668515793,-0.466059949835599,0.517928629736397,2.35654594823487,1.69167945631042,3.55674176704496,1.98590371496608,2.04189321322611,2.10292850307077,-0.366997411966901,1.8158879778627,0.0084515950840637,-0.579494427085347,0.0611666901537686,-0.455058540424285,0.973950664273907,-0.176738948733381,0.252579983833374,4.22470742993468,0.164628620577598,3.13192956981491,1.98392079928542,1.62878685607959,1.57270586383103,2.88661469204774,2.13767250229725,2.28191557708407,1.59316477222636,1.64253944656618,0.505868995236462,1.83527529102201,-0.0306388246602729,1.86067872441954,-0.353733578126141,3.18618317047094,3.09483966083226,3.67902768001196,1.0614820978647,-1.38790273570583,-0.253516566663719,0.501042039261784,2.90403239843289,-1.07782989931901,1.52518552493585,0.559090938017737,2.1596862934308,2.28323984432801,2.47189297716912,1.93213554729489,1.82725511801981,4.20582407721774,0.686849537073788,4.26920550922261,3.59045889548567,3.84252421618153,0.397018194418394,2.76371346587799,3.2047311548628,3.06878286795457,0.491221852070372,0.759687412883916,-0.0233257961224183,1.36371958289296,0.693013864595207,2.61914964697541,-0.261946985311009,-0.676545077731775,3.30641402068438,-1.80388626359879,0.0909555843984265,2.50418166360104,-0.738885566936663,0.31804058997115,2.38198149609469,0.594320838320978,2.33957897671422,2.29861991601447,2.24566157314028,1.90258036982717,-0.623318716137747,1.15964830694627,-0.128302417873306,1.87734999164459,0.375107426304135,-0.252513762500142,1.78459065270008,1.59826057901072,0.891475293594235,-1.07520643820089,1.13919011657243,0.873368349072786,1.11337402814428,0.652991020427743,2.21562118474973,-0.248364779015538,3.05266015873841,1.904307158845,1.79042489513592,-0.769207631463939,2.31634592371171,3.0567706135356,0.812091071658843,1.6814739993707,0.588655328334384,2.22491041651046,1.64022826969008,1.004662686576
"SC445",3.77108203388698,3.22788687663403,3.10980393576207,1.89919632968878,2.64883767894177,-0.485013634898471,1.138679751598,2.14438033760061,2.27228807823351,0.172958578538947,3.47167642889721,0.376619265762543,0.739325126706705,4.3359797060918,3.31610984533348,-0.0423496889809402,3.21652046466469,2.32332090671723,1.60713876890268,0.61362130275233,0.356037735138233,0.108087292022198,2.13355357293151,1.80981358785963,1.4277553905122,3.17409789159337,2.30963224504963,2.62664978876576,2.6287663021095,2.87372806394315,3.25315069214985,1.30638555224438,2.51216632228503,-0.237042340490641,2.80708405003229,-0.454177099089808,1.6922192625152,0.0514400799561961,2.13099482218058,2.91244196351685,0.601433703485275,0.811677990644485,2.33149143773738,1.13695450909443,2.09354623177265,2.34006937383508,-0.582612429380346,2.78887126223547,2.9166888386998,1.99189011048895,2.84820740140495,0.612979533951953,0.904612433388491,0.25169796412989,2.57836917092166,3.00525535660313,2.32160337944107,1.24530233959857,3.10739777818658,-0.00162599690217526,1.165102417178,2.8844268827001,-0.0926633625976871,1.05755121815542,-0.229828833879703,-0.46699953666323,-0.519411353964606,-0.339066598989469,-0.0734920528239033,0.52276018848489,-0.533230973727548,4.02552991566763,3.02790659978704,3.01450137046562,4.36076520047393,-1.95580744176702,0.414679417649011,1.33868627042688,0.6594150598257,-1.94948787128179,1.06846702331381,1.41889667162209,0.375404044358345,1.92524847260448,2.76804604720219,2.27118498696799,1.34056258116777,1.30473022523121,2.42368541640478,1.01752790107178,-0.0488432639786895,3.00882546638879,-0.241734664264787,2.78669718201551,0.236883470557339,1.4504109736459,2.33852909448293,2.29231157432276,0.210905554185585,2.10119067222787,1.84592993598471,0.718301579065892,-0.201635307044066,-1.12139271258308,4.32396494633639,-0.722157718347609,1.49166194151625,1.32089054704301,-0.155269980468607,-1.03231039666428,-0.157879050453692,0.695284600718271,-0.0302662077871129,1.71952883198758,1.32289633730506,1.05439522973356,-0.395059669074429,3.4852136704774,3.50158067179071,3.02698443559326,3.17841684906385,2.40640091518727,0.243409069238042,4.17676642114798,0.208495140488098,0.1028047713382,2.26266984704578,0.486607804423288,0.944025526499174,-0.414812109765134,2.01291096951056,0.412844806588814,0.513317685755883,0.99844701112217,0.61753032057462,0.852522686579963,2.06812834692611,1.50937396093686,-0.17682432433475,2.45906002917959,2.59830919648507,2.8701861943021,0.218344455658251,0.686642771606201
"SC446",3.77639831731142,3.24836911943381,2.83877973144958,1.85047696841365,2.29781392162388,1.43791246397542,2.82379771258095,0.188590855268569,2.09894533025369,0.161520594309249,2.38142084694456,2.49493639817727,0.434516164650538,3.43096847660101,1.09887154512679,1.15386204216453,2.41293134150949,3.48211031162533,2.37988828875973,2.80853975368169,-0.272039769506819,2.37231231567437,0.464283526110463,1.98160904204138,0.244283678063574,1.98180437263683,3.31381862384929,2.82464264248208,0.597361574214672,2.80798895867107,3.03207090094258,0.0167926558344619,3.05288420496849,2.1818114644231,2.92205858433173,0.561302918803433,1.8049259618698,0.0103880613639332,1.53357185785483,2.80639828370952,0.228434631012351,1.73801309780304,3.14741423047608,1.54740466911481,1.60073054622633,2.00157183388062,0.665287379270997,3.54178653367776,2.70879204063816,-0.728740590235585,2.66459133084493,0.903366108033394,3.10599369714429,0.207207310105401,2.08054427674736,4.21636841802364,3.03401881956081,1.94495567518853,3.91886746926484,2.51214275466667,0.277276593944145,2.96832351711665,0.878489995160268,3.96342137691114,1.52560680746096,1.70012219962228,1.56530730089259,1.89945819393374,-0.131457762526428,1.31021437971123,1.59079908512102,2.7349907463585,2.74578745392063,0.901114618785301,0.292425622230063,-1.77598680940216,0.457913282999664,1.97345744400125,2.32297783570855,-1.02115740857062,1.52400853610911,-0.374696443435536,2.50402560228239,1.79952682661712,2.61199017687927,1.4874501127177,1.68289509107328,2.46475209258121,2.33800790919332,-0.373968107920114,-0.0817084523061028,2.94145499341266,-0.00795652624868402,-0.341947340386812,0.249184244568667,0.167099095376576,1.99006784594789,1.8859005675529,3.23708687042418,1.22597923878077,2.3060035844949,1.55841221547352,0.893915350962258,0.817299468709059,3.58089218939958,-0.136002572344647,0.684479597454713,2.25591942782395,1.65639756079322,-0.418858720368816,1.28363674074351,0.429911555997643,1.84010328187807,2.08055552069227,2.41866550712331,1.78980478093336,0.243961085381955,3.31754131432674,2.84625802464399,3.02167513920487,2.73919515720834,1.54393205710408,1.46921564545781,4.19244647766221,1.61994488101834,0.627190169195353,1.00382222668143,0.736677800365088,1.5308382492956,-0.123300246115176,2.35759251755756,-0.328409065110464,1.72631395505167,1.84164526208003,0.939812529368992,-1.13236060371207,1.81409042941519,3.04507007980169,1.56405647189661,0.85315045812889,1.02254027583253,2.12402536891293,2.00979978857771,0.640934745640891
