"","Z1","Z2","Z3","Z4","Z5","Z6","Z7","Z8","Z9","Z10","Z11","Z12","Z13","Z14","Z15","Z16","Z17","Z18","Z19","Z20","Z21","Z22","Z23","Z24","Z25","Z26","Z27","Z28","Z29","Z30","Z31","Z32","Z33","Z34","Z35","Z36","Z37","Z38","Z39","Z40","Z41","Z42","Z43","Z44","Z45","Z46","Z47","Z48","Z49","Z50","Z51","Z52","Z53","Z54","Z55","Z56","Z57","Z58","Z59","Z60","Z61","Z62","Z63","Z64","Z65","Z66","Z67","Z68","Z69","Z70","Z71","Z72","Z73","Z74","Z75","Z76","Z77","Z78","Z79","Z80","Z81","Z82","Z83","Z84","Z85","Z86","Z87","Z88","Z89","Z90","Z91","Z92","Z93","Z94","Z95","Z96","Z97","Z98","Z99","Z100","Z101","Z102","Z103","Z104","Z105","Z106","Z107","Z108","Z109","Z110","Z111","Z112","Z113","Z114","Z115","Z116","Z117","Z118","Z119","Z120"
"V1",1.6278546611806,-0.132312230324334,0.382220486185649,-2.42025777792047,0.865970806640771,-1.14131570776327,-1.88055271905532,0.505478460491881,1.64872896034018,-2.31179458828269,-1.87233796325819,-0.497548595570369,0.401950221284736,0.602479162718919,-0.508019896591362,-1.5137400758581,-0.316587710079041,-0.718275044699124,-0.0297283693680552,0.494382952944434,0.0195166026603406,0.914645637039159,-2.74284311795319,-0.183199633840047,-0.970075956281761,-4.9004995431889,1.58941084788128,4.56483527453037,1.03065400954121,-0.994417085304639,-0.699038847397534,-0.752117153603683,-0.362059157281465,-2.64174906886916,-4.95015605654208,-3.56738667336206,-0.743318500877502,-2.48563087219258,-3.88338784972796,-1.86659037326133,0.92981702233021,2.11517380669203,-2.01648242972596,0.67662327337834,-8.75796636058178,-0.541222975754462,0.573977967631786,-0.131120240813424,-3.63617842395239,0.200252476576887,1.42620546487242,-2.20379532695339,-1.56096570227334,-1.60591549122336,2.31417287608026,2.38867644738805,0.153710162605387,1.37018109833573,2.24176471815846,-0.606353820847648,-0.626911585831738,0.460971454319628,-0.780317510380631,-0.783411721793282,0.341854486375821,-1.54099049829353,-1.20620906481982,2.32410633829311,-1.16381110228882,0.248567997386967,-1.70829815247789,1.82204294717065,-0.0366235855874709,-0.954738131883699,0.163266020482105,-1.33913320472325,-1.47898282178049,0.868865139122414,-0.266770683169349,1.21386437358896,-2.31298104023232,0.772244987392465,-1.34262371326055,-0.986285990329707,-0.532442624443464,1.9139458947934,0.234312383602149,0.295100436778999,-1.98209027623259,0.381682815640387,-1.4899624408291,0.670775798039871,0.69733244997855,-1.3706518933002,0.18941835303284,-0.498155759012214,0.599858525321267,-1.67063350723124,0.17559937784486,0.482075713634654,0.198845013227292,3.10552709626245,-1.46684046098358,0.603439941343084,-0.271729300181658,4.2504707979608,0.0282465656414583,0.711149433458562,-1.14321430513444,-1.91253120584366,-1.08259672787113,0.992722101174724,-0.852737876820079,2.73395706338961,-3.47734723872047,-2.94470459948351,0.714962123439567,-4.01253853421774,2.82943569564591,1.00213434748144
"V2",1.70739223753198,-0.0156450890720272,-1.30816757592992,-2.094472086866,1.60984764608219,-2.01297289410956,-0.738134313220891,-0.875158759546999,0.447371911273333,-0.595399691704131,1.10321348496988,0.0102553840891773,0.303483307657661,-0.183274888850203,2.82738994280352,-1.55301480919061,-2.26958917362931,2.78192491049352,2.30237640522215,0.757740506620287,0.184787516890328,-1.69437371787118,-2.29933782140596,1.7400624766693,2.23735061477214,-2.67306942558154,-1.64754837977073,1.35537952533533,0.778012395414785,-0.372889635304143,2.58047919549463,-3.21366425774676,-1.04035838342064,2.61463267323133,0.019975713117768,-1.22447804771229,-0.321013447522492,0.66225030954028,4.13904462808128,1.16000081167046,0.427251928738883,2.2069560119915,-2.95029845639161,-1.04798905576865,-1.87830687269056,0.927148983298506,0.294887394013995,3.26790871995461,1.674970462911,1.27588017444077,-0.345842964740477,-0.411795613682283,-1.01374061570424,6.22853966554851,0.56699907787614,2.3566060332948,1.05937013509922,0.814357499921755,1.10260255150616,-1.91211910894832,-0.473804798274406,0.138845276340245,1.93017476559572,0.0147040133952814,0.335608835767673,0.139986070530949,-0.884628232291025,-0.543497557612254,-0.839285486997451,-1.02573474177982,-1.162379558693,-2.44598614614374,-0.165421867155922,1.99552797999185,-2.7096513157126,-3.53785376278068,5.043905509288,-3.04726027165942,-5.34985800133073,0.796827014974709,-1.2022882065236,-0.00226616216187026,0.986864893392239,0.640270078512128,-2.21788214319526,2.26718290925541,-1.80446002669745,2.88502154105669,-1.71213859108696,0.231886047788088,-1.92466310528946,1.68146429672762,1.14164733593884,0.626973690110331,3.35457005919428,-1.49497339431855,-0.745391506112288,-1.69101138138957,2.00526800185133,0.146430619802803,-0.694753317906937,3.11215473658951,2.33687756090419,-1.07582136632763,-0.281680214557856,0.701742489999754,-2.05873140244403,-1.25195433054215,-0.103974104036098,0.126153594601564,0.16918460558337,2.94357973806209,0.688722504619308,1.07651212710853,-1.23997602048375,-2.90851072265362,2.25434681441802,-1.00661830916482,-0.188233732532971,-0.842697180064675
"V3",2.46672847955287,0.313463091970286,-0.0301234355353168,-4.37459085959651,1.85683345334834,-0.157359876865982,-1.48216858454548,0.514730663217183,2.84268156672406,3.93852010059732,-4.59830909587857,-2.47574417093944,0.425978731090115,0.767304794599913,-0.918713331603962,-1.72338624282793,-0.0771210527519415,3.26264068195485,-2.51842337562926,-1.12577457205851,3.38247290815009,-1.02832516783562,-0.0287021093353256,-2.95420615765103,1.9788933746281,-4.2580778238491,-0.770018294199009,5.12861929924887,-0.479122770581884,0.825689727337126,-3.12410285511044,0.481728610759493,-0.00242585089980096,-1.26380853665602,2.39288675536175,5.44036161560536,-1.06507663892223,-1.97490814413353,-0.490918196587582,-2.22421454938099,-1.88686806472788,0.562820102222855,-5.32436723336144,-4.2057857679793,0.334620607825424,-0.509622885584664,-0.753925015538542,1.41482809620288,-0.896502961462676,-0.141873556653019,-1.60744315459689,0.129453272647055,0.0577640150803584,-2.92923958023272,-1.49118028937032,0.355565385822377,-1.3836192280078,-1.30688726585253,3.01302761804306,-0.966541810598521,-0.758731507538753,-0.347860193910016,0.373628728019852,-0.563845592010733,0.394729713659376,0.267337867805873,1.19682374474892,-2.41379441122421,2.39043457747839,-0.523245311885137,1.87159821847457,3.67467436231956,-0.292310923723692,4.54241456653841,0.0547581627362099,0.870885718907638,-0.697931585122271,-1.68782164889807,-1.02643817675237,1.00560809205718,4.72261484935005,-1.93831837815026,1.85749103291546,1.26904694517535,2.10949210530325,1.91637093551214,-3.88616027680239,-2.26853083096667,-2.92640110424162,-0.164475341364712,-1.45543704939362,5.71322519928405,-0.0204386491648219,4.80055942794841,1.77085124587557,-2.22349957897722,1.05096117868392,-1.20093778972193,1.28048000578714,1.22772171449794,-0.915001318919224,1.28365111925555,1.11876446079577,1.21956044478132,-1.66546075753449,1.59734210990377,0.472928816201417,-0.236612077855726,0.0798246844968418,-0.65187336031354,0.429887773814144,1.47982184448469,-0.268755286285129,-3.4989570650283,-0.485839742920712,-4.28938406858753,2.19790804451164,2.52212496181566,-1.76160778006305,-0.889110677471557
"V4",-0.848581878093006,3.43777481651678,-0.15481183970337,0.593672403488686,0.027790873388744,-2.13528688620846,-4.22563287924523,-0.091683554908391,1.7068026298198,-1.64434904888908,4.24940743888719,0.578907923238667,0.865220476324339,-0.360677223481081,3.22271711553073,-0.50175357846847,0.122698046021419,4.98709724179583,-6.07959052462375,0.104346592105301,4.01093566443358,1.52043543144538,3.12246370001042,0.471274552154336,-0.92346974683519,1.84833366837905,4.6923224582344,-1.31463219171505,1.32829896524282,-3.70252198258284,0.0802576314983869,1.72465520977132,-2.98358244884254,-4.91081459987898,1.7483485891157,-2.6829430978141,-1.26002760282682,-0.135433038914645,1.10470207931374,2.24303820877211,-4.63605636375791,-0.724931853189629,-4.20478024887047,-2.65973941200283,1.52676974807411,3.03177757572868,0.227488951400328,0.581076267047081,1.61223466544904,-0.953242847748088,0.446275575373435,0.794618647694644,-0.345236916136003,3.61586367359385,1.05990605049204,1.15661291883779,0.980793914260511,-1.29596990034197,0.740607961606333,0.607927988383434,2.80987130734031,0.781705676598785,0.945217579797751,0.123891162608526,0.784108032473888,0.91441727125834,1.10674248640617,1.48747829547628,0.427835168559028,3.10431621561681,-0.835978443452003,0.673804730677961,0.0886880876297528,-3.16660257488697,-0.30942978993563,0.273482666417827,-0.918116382072796,2.89392633178772,-1.4780235203153,1.42229901391073,-0.806662780456642,1.05161438930318,1.69877715215534,1.68779904944436,3.39029403359097,2.31284760719061,8.56052697123558,-3.77096901370457,0.23776732504912,-1.58021506411954,-0.828030675501179,3.41071850425956,-4.04868588882136,-0.766723232940527,-3.68080664449329,0.136887352750811,-1.7080506287806,1.16085375923195,3.1620733901712,-0.503141788836608,-4.4043680231172,3.94886842477695,-0.0522151714553267,-2.17299910020102,0.719793187800309,-1.71910157741125,0.514432264579774,-2.15892117490666,-1.23049376815307,-0.0572922564736363,-0.638814596833797,2.56860741156278,0.069873817391035,-2.44654966221458,1.40041379125218,0.192526214941315,-0.651230476237448,0.674815583424632,0.987965134017312,-1.29555569859545
"V5",0.103159214349483,-0.982929366721354,0.262169849336302,2.12709953391538,-2.41430902209819,-0.0305839928364779,-1.25159647144443,2.34584782379668,-0.181615408053222,-1.06235293030017,1.83257443551261,1.8042388390391,-0.316695045853804,0.614237349221104,0.131483089847626,-0.331933226814471,-0.156460733188709,-1.15366212651911,-0.358933521637776,-0.722127931601747,1.83991176478979,-1.44302791218976,-1.98034405620284,-2.02688165757855,-1.07606934919456,2.64088858943193,0.0853685400545636,2.09554879161969,0.0938123740653491,0.99390570882663,0.512509544197145,-2.11959660786015,0.744017108057596,-0.924840033502642,0.113160102751686,-0.447787819347296,-1.47470987000744,4.3365481194236,-2.24188583421766,-1.88677221746319,2.64003718574375,-1.20006819716713,0.171582349697498,-0.546379891425762,0.232307513053199,-0.969376256571978,1.03933369908233,-0.563195362015382,1.20290290256823,1.58567180688507,-4.83964648593902,-0.139401200457407,-3.18734992870813,0.821293912159275,-2.09924065341473,2.30773268031587,1.00470745478821,-0.221658317471014,2.12925382085236,-0.679914032218729,-1.79476202655117,-0.773249086966562,-0.822771500471668,0.719727470135046,-0.162713837534352,0.323200021772246,-1.29053321474991,3.96608802180277,0.986809269108862,-0.186354793527606,-0.420658748099282,-0.471816081052166,-0.233783080220805,1.0763968980056,-0.191706431232251,-1.90123633004232,-1.38997760814681,-1.27555508523727,-0.136485075378773,-0.393829274866311,-0.906028100686141,0.528674399519449,-2.57477967770829,0.42544652809006,1.23786113019107,0.396987560892464,-1.51819798943862,0.833924019417617,1.34007420660659,0.306103043496471,2.63161112500982,-4.89567915834498,3.37806726558216,0.0164262400223527,-3.13291661432694,2.348269189409,-1.92929351740845,2.59723764839515,-4.02127978508533,-4.28851518954109,0.76716363001219,-0.282412404525397,2.8186030235066,-2.07470170013536,-0.0484708365521058,-3.67875257491498,-0.155681172132418,-0.360115312934855,-1.40955826158712,0.0329733766869676,-0.282702568124538,-3.10058592949045,1.23225735591233,-2.66851325639461,-5.12519806974428,4.2238809979879,-0.89270101063617,-3.49917637011267,1.02706219090044,0.758553452276693
"V6",3.77228768976139,-0.758311071971459,-0.135188048131759,0.828387109724112,1.51907978242594,-1.67605892472472,-0.470286389174359,0.579915234508963,-1.36937348695205,-1.09858207868621,1.29500016798834,-3.08627632827527,-0.547340640081685,-0.735268495471566,-0.793051989130565,-0.173407848927429,-0.378900479789159,-2.75706658084813,-0.474830510120608,1.41481763017181,-1.18465957119437,-2.936510300957,-3.04147866495096,0.0873725470726159,1.09306549386218,-0.0805348844091274,-1.68129832903544,-0.525869789151924,-0.922687645813894,-1.79730339592538,2.80946340135058,-2.11491315517175,-0.127010428586225,-2.78162497027634,5.04083973185706,-5.70183928274563,1.53869995832079,3.14107850703463,1.46694076887303,2.60574961714837,0.911629670341261,-1.43401452289605,-0.389538945081586,-3.43084240031282,-0.269756412433061,1.28800179307431,-0.500107475492833,-0.65078565791595,-2.17719433178935,0.810814364935541,3.22858067727371,0.751991579120174,-1.19546937732093,-1.51262902462897,-4.13635053675399,0.261117280424759,-0.440296259262388,-0.587378998039608,4.8919144078126,0.548642180565363,-0.0329307211885004,-0.263181240399531,0.0764913304907018,-1.57821001004162,0.440028731285465,-0.472986000492414,-0.106464526362249,0.599270608755863,3.03800788938964,0.122234397660758,4.31600826388315,-4.72664225232925,-0.457174970174133,-0.737913141633767,-0.247759585768989,2.40883653408303,-0.666006785836054,-0.188370137896444,-2.3222489948521,0.273328984722089,-1.5193256208205,-1.39579770107064,-0.0371755716739433,-0.506453212562334,-2.06368719338024,-4.02414181189259,-2.30177554969304,-3.47586090020425,-3.96569338928432,0.403130886200877,1.09380947957742,-0.888664983985596,0.985296019236222,4.10566801779639,0.60341612693151,-2.36486141258534,-0.188145311431921,-0.419382971971473,-3.46806176554737,-0.377704253318615,0.408325392757041,-2.57209810782905,0.0661052095807957,0.849075626199698,-0.360553434191201,-2.05131279739456,0.353102673050484,-2.9487666944328,-1.7808593652223,-0.155714730978827,0.866682323956036,-4.22402575528766,0.517356330372306,-3.29417644345341,2.66045993397899,-1.06942073575061,3.35959458041018,3.83527042315892,0.753202574935889,0.824891308959579
"V7",-1.09314212762971,0.150806139314241,-0.375950840858946,-1.5732440721845,-1.12895177054733,0.904425419484525,-1.81363690879845,0.378484364134471,0.146758862001345,0.819788084712597,-0.140589530856377,-1.24264249116311,-0.256414585979102,0.107255418362388,-0.312170665738339,-1.79544670487225,0.434947147606977,-0.319621251637678,-1.10906794992506,-1.65354713139401,-1.65191211850412,-0.654430360905959,-0.826369143778853,1.95457948688666,0.945692836529549,-2.12928415029339,-0.333712399985551,0.22190915967524,-0.178834059981752,0.649276779680746,-2.77482451997679,0.233004600855157,-0.627555069090918,0.358759851366599,-0.52040903460841,-0.554805362848813,-1.0205354145414,-2.43184179245427,0.380281806460815,-0.643235827759255,1.5144620355905,-0.0782232674854662,0.795928279906828,-3.49954302036834,0.790557786026961,-2.7144991280189,-0.495896845317521,-0.87451932071815,-4.13368249908118,0.30217173673154,1.14422704033627,2.20982131566459,-2.38517902499506,0.264891309832078,0.961429688934022,-0.544970344616667,-0.994515228153408,2.43125033877591,0.305294371827052,1.33636697869521,-0.941006264944347,-1.403077072515,0.306513273159688,0.739305601215054,0.328760633251217,-0.939813346817306,-0.624861980814515,0.763872618154739,0.0615440711622295,0.958642857706856,-0.802098176981043,2.58221980020848,0.167456934321569,-1.54784811355276,-1.19138914545503,-2.20194181935483,-2.51387763057472,7.93149551030857,-2.47894637703712,-4.55838787131668,-0.529688168810257,1.13249092142859,-0.0275019709275774,-1.1325806380382,0.639777736980036,0.232086944364381,1.1147052882538,-3.38713071322787,0.0956868760698804,-0.791794650981068,0.875205656122358,-2.21531370358932,1.97717159529311,0.640611924020549,-0.621399365826801,0.529865327225735,1.26658686314677,-2.17314819086394,1.20527804826489,1.53196329962904,0.510222796510257,-0.606815830826636,-1.79632071654101,2.17185618901965,-0.577520305707764,2.39595535764287,-0.683334129165845,-0.102711314132253,-0.262881604246656,-0.0710506201335625,0.0932267737197865,-0.939747882584195,-1.10807863936979,-0.884756410117517,0.342891906682786,1.77058289569427,1.62082270235773,2.16048687826093,1.38014356759667,0.518587940876921
"V8",1.27135749710902,-0.946744924114058,0.300774333273709,2.09466213029584,1.11393729036187,-1.50296359454033,1.22510492513188,0.327336215883526,-2.5762192331157,-0.914999971018625,0.323179382185954,5.95982855599977,-0.474539327341202,-0.828194915903826,0.434386830855042,0.945051104750051,0.66278831481258,-1.41413764641696,-3.01916216151232,0.531962721358006,2.03992821908133,0.393251874767814,0.296044446829194,1.53781626884944,-0.878148320079853,1.02062426772256,-1.38654228397013,-0.113523238233233,0.827397402361308,-1.71947649466729,6.3420075490174,-0.143251932647586,-0.612266901023478,2.58804410403182,-3.71009425711823,-1.44904043124593,0.921317122655997,-0.663674278481322,-1.08482997164271,1.77138921775755,-0.221840664338884,-0.231097691895126,0.285831227368892,1.85399671252466,1.39398674218434,0.0236156896654141,0.811292922174513,-1.06206312843613,0.734775231911143,-0.815025019220089,-0.739124904661764,-2.51034325179504,0.517173714258711,-1.2384669261912,0.150046355937098,-1.23512486106202,-1.54738841150198,-0.133838681942926,1.32500254328547,0.409475867187814,1.19184752542783,2.02142432894437,-0.362828621227847,1.39551852677635,0.646429140910114,1.15656804068427,-1.71103690946522,2.86919873875705,-0.463737110545148,-0.8727576285883,2.98015153399299,-0.114217643533172,-0.502134498349482,1.25125480514747,-0.611625867266529,1.77959273776539,2.39937846690244,1.00150933980109,0.815537643513051,-0.701193043554244,-0.155365908765947,0.244630614553005,0.0121094903723318,-2.28258330106946,-2.05773533658517,-2.40483253091453,0.27622566376624,2.24988768793492,3.36327511922805,2.91659619368389,2.58766305276453,2.40481077351695,2.62087241832834,0.123437342827394,3.60559610591073,-3.51794429021476,0.00666622361839231,2.04357561215507,2.70668344837521,0.588842755147471,-0.761831390188036,0.210801041946258,-0.509649531333753,-0.469956095216336,1.44484772703375,-0.160254820490235,-0.108662380542276,-1.73521848889167,0.919603889160425,-0.336541511342938,0.560011360916519,-1.09968694790187,0.282043067289409,-1.06914406750044,-0.243173371339358,-0.919602845676347,0.0783510535095573,-0.933650651166463,2.03225511133998,0.418624882433189
"V9",0.484562978960657,1.09427299012665,-1.18200195911696,0.0459530353120705,-0.498152219215561,-2.02492371649168,-1.34180911816777,-0.60971432640005,1.90959835899761,-0.994039496495782,1.84575973696536,2.31950165448825,1.60354011794765,-1.10098729354106,2.03311091219641,1.98322217510113,-2.4580251522991,2.27586056927166,-3.30304050688849,0.0820753865962729,-2.7878338354617,2.98702785812483,0.267226421937927,0.79502462631853,-0.19403540041389,3.79631704992109,1.34755610887525,-2.32980403347885,0.125644650491274,-4.95711629133811,0.754219930133896,5.7219504769487,-2.61204741181937,0.923927467837796,-0.0333058089030915,2.10009670200243,2.70903381747721,-0.861418020188932,1.5940306451574,2.79762407259046,-1.14928189443423,-0.386090721693575,-1.02752848367544,1.35557069364802,0.203525509716241,0.336089313157739,-0.406929472906302,0.339414491633818,-3.46065989271342,-1.11355742022067,-0.482114734017648,-0.954802201589274,0.964227772773316,-0.223035228254151,4.10693537164013,-0.703840360750736,-1.96345956506726,-2.09523891544768,-2.78757497692274,-2.55680835384369,1.23635592286385,0.120529138919508,-1.55218256077628,5.76781641996775,0.10193102241113,1.5027237463006,-0.532661314059533,0.708981829153605,1.35796845199428,-3.32043591707008,-4.98700393236017,-1.29116960245629,3.62416703739995,1.35526365286728,-2.07545391611741,-0.127911754439268,-1.16372810674293,3.00930539928941,1.69184844201298,-1.04843333020869,-0.293012418628198,0.185619639289824,-0.546483159498633,-0.277575263506586,0.499986722763158,-0.401355418585163,-1.02894142101352,2.04340518217353,0.0661271385453457,-0.221744811567007,1.93538538906137,-5.32400808600868,0.0434725610779427,0.392002115166077,-0.75789924031629,0.941226138229247,-3.06966066538436,-1.1998709029747,-2.27135081382639,0.331805912173163,2.4030358916641,4.5203479133896,-1.33948661292761,-3.21996540260637,0.309328156146639,1.22582850055081,-3.94932258367529,-2.48732150281391,0.618251433786404,0.0649505011280763,-0.77950025088175,5.07486106624232,-1.41275937134646,-1.9748485478395,-1.44625647864487,-2.07189506107616,0.875072621667098,-2.78572291659037,1.86284236873729,-0.822360087631356
"V10",-1.54862714951933,0.779122423532889,-0.161489388026562,0.193271987663191,0.0938240547886373,2.34304399605493,-1.77119984670057,1.2109080953965,0.562394072637661,-1.40013004571485,1.91504606658011,1.99005007518098,0.295794903566386,-0.349247307899916,-1.1203761027947,1.21735194060758,1.16104090703951,0.0916162086871255,0.250012114520357,-0.180656738075434,1.6865794712715,-1.08202269780258,0.342430533981745,-2.06948713867642,-1.15212921710096,1.34229922641746,2.00155385429935,0.80277742787127,-0.549207805647548,1.71911008679157,-3.8671866666586,0.726259409387193,0.0557683893407526,2.75731590639284,0.940205091254074,2.42390476468852,-1.77101713750916,2.0472379060974,-3.32990492089401,-1.93631934996033,-0.295826091803545,-0.703896063609805,0.790842237097797,0.662667219670918,0.470747212108772,-1.33905821383807,-0.159097704660001,-2.28486936121633,1.9009771463103,1.21971923219519,0.85933366176502,-1.38295101894477,-1.32425041861717,1.11228348472395,-4.10852234881877,-1.67422341119296,-1.17600727187901,-0.6623263005269,0.294374035318648,0.659778440105667,-0.32092885710788,-1.51182951730903,-0.460171332608357,-0.709561110485479,-0.715490580196337,-0.732226982580324,0.945139053588551,-1.73778823804017,2.8785503910454,0.645665275042298,0.887949827917383,2.05770419471689,-0.0151589449431647,-3.28845097253579,0.474607326131795,0.282393203096527,-1.06498214951139,-1.0890048863819,2.07173641635029,-0.414607672994903,-2.05034571068089,0.265138515884296,-2.62353454332739,-5.40605068955441,-0.0872260999436323,0.163322858830888,-1.01310387858988,-3.72294694589107,-0.15304296602625,-0.594105287776314,1.5282291836531,3.45319342838915,-5.52775552016599,-1.26207761272025,0.213124450499358,-0.785046118905363,0.883907825631153,-1.81348779147631,2.91423236270337,0.371266249262262,2.94832095466249,-4.95422443819925,2.34685187341496,-1.65867454929478,1.5450571565027,-2.37645533426,1.7378569558276,0.532706743714658,-1.80720019056146,0.341844089117927,-0.240846679068797,-1.39409492255827,0.564274588416405,-1.56047318509151,0.739057875034387,1.90691235563191,-1.30984178845537,0.325568704228758,-0.656730656549186,0.19091802865462
"V11",-0.0729539017112857,0.0368284874787062,-0.148276667183871,1.13253872415695,1.57904035809485,4.3771752158115,2.49577621354771,-3.11375974149702,1.16978065326726,-2.28752168692793,-0.0376166983279346,3.06679336609462,-0.245646190627513,0.428141090831567,0.159155825690743,1.33281353885045,0.0103179879049922,-0.207916236389261,-1.57682248350858,-0.442202394656507,-0.470242681005679,-0.0263325475683178,-0.673850727476069,-2.67795643410528,-1.4998059340993,-0.170810784220704,-0.25754677413722,-2.6209517068306,-1.89364832299127,-0.573167850608427,3.44478769078029,5.49596705294597,-0.857838619493258,-1.75362595299581,0.241882635204399,-2.53296178991409,-0.317569994583752,-0.0847915562375978,0.0717150994182312,0.509092445092467,0.980972476502168,-0.518636873728972,0.640363563042613,-2.01399202123218,0.783268275504981,1.4305170242867,-0.278253567847913,-1.43026101697148,-0.0139650800915998,2.95274844281808,-2.32028903069071,-1.24164320089991,-0.789324759533717,-2.95725442914674,-3.11819871493309,3.54575575504561,1.87409386113193,-1.52153793492546,-1.04577280950559,0.488266545131415,0.1537000892686,-0.754697132722411,-0.178653146242243,-2.65197849485753,0.749591343266237,0.48566046870004,-1.57828631591415,-1.20758484217291,0.442431213486657,-1.37534498241917,2.1700961591022,2.9493702006168,-0.30026949782111,-0.235415180307504,-0.204666987559865,-5.39022470362288,4.26678185928127,-0.974893820763675,1.41024712787206,-3.83952922259685,2.18963313111623,0.3211701950866,-0.140951611753337,-4.1409128874089,1.80049753291389,-1.1039851720967,0.325148981527549,-1.64444190184083,-1.30836591355236,-0.000321290774754956,0.927731776682966,2.20299683676111,0.116803467729707,-2.40566238016991,2.21228169000828,-0.579944990332571,1.0902199473929,0.427769476158323,1.25195488195295,1.58685229122295,0.188190603291269,1.1558395340999,2.24819660920504,0.00998959133064248,-1.47365253613367,-0.400342521135506,1.88266217316972,3.21724862543365,-1.63368621499942,0.207423501379859,-0.386733068132303,-0.866945572900277,-0.0448020252448858,3.36252673294248,2.04225844353968,3.27411094672708,-6.54605049484397,4.21498264427355,-3.65618783956452,0.279722831128757
"V12",-1.89760880351882,-0.413408250536266,0.65923693713554,3.22136635647026,0.235811622546001,-1.48941783792778,3.57867439227993,-1.6397957139995,-2.8389889460627,1.84062744100305,-2.55671779453608,-3.53417310727188,-1.71127814804572,0.626120185347024,-0.0567199985413387,0.770528336804744,-1.7404984883659,2.51078204589942,2.78992148161542,0.458204724598517,1.03424659802203,1.10946098404243,-1.77134055177974,-3.82461048379373,-2.07925740789553,2.99453979274832,-0.289006556090463,-0.590299970024873,-1.57973356365339,1.34855459738136,-5.58374152147692,1.44285973573121,1.92064379182264,-0.726092934409408,-0.258525079007285,2.90515622752076,-1.10138365039223,1.44737228872492,1.54158306467242,-1.27565912722607,2.07276025348003,-0.712078489065673,1.40062824771427,0.869846332517277,-0.902686368419511,1.62179711668472,-0.410072362216559,-0.988257653428086,0.908676195307553,-0.664333707925448,-3.02050597264977,-3.803568563433,0.599653751924558,-2.32021646152892,0.652336382984664,-1.61967205140026,-2.31019634702807,3.7553130007365,-3.47330810847417,1.94648741851651,-1.15826504280396,-1.33825163689504,-0.432064364192252,-0.531150274986434,0.0253700446281893,-0.584707581568324,-0.334784043063049,-0.858328367916991,2.83573251244936,-1.32472363459858,0.220940503169119,0.84664856429376,-0.0972526814775162,-0.17680337113798,-1.02802449866799,-0.654593179609654,-1.78110656987591,-0.166454694369797,0.804397270788652,2.49526814554988,2.81690058667142,-1.257762900376,2.13015223760187,1.3662631899188,0.285855735643554,-0.471021539985497,-0.526855942602749,-1.0130876557258,-1.9654485976133,-0.401930138596933,-0.207993613878774,-2.19002287076898,-0.852489317382489,1.24415024577918,2.9643359556754,-0.831047445626471,0.0924632238140752,0.827083746780506,1.42797470408084,-1.39177613420683,-1.45194174349309,-1.43720272678597,-0.843901141481577,0.835388974546233,-0.752641464959147,-2.27332759418069,0.705697850754992,0.0970290159740665,0.335148078502633,0.571899230526565,-0.645924274146125,-1.28397307560503,0.404461909589024,1.98579347493941,-0.616957276895201,2.10695180926053,-0.517437207130559,-3.40536070467024,1.35249208064477,-0.577253199485927
"V13",1.0905067466107,-1.41787834821356,-1.19179153886262,1.52728712752137,-0.843033091262164,0.431312036705169,-3.23139287230078,-0.858802113319731,1.51048041756739,0.830812303384702,-2.16390964851098,-3.07672810867552,-1.91776350142326,-0.939721055192329,-0.36180151543658,-1.0679036131116,0.410829481218377,-1.22870686563759,2.59346461039,0.180855551428207,-2.07844241517596,0.477174279662639,0.568763180298807,-0.933429018453333,-0.887971895077557,-1.08207044968923,2.01533329395276,-2.52561410532518,-2.08665057743961,1.76310048226043,-0.619162992749607,-1.39480777277053,0.867152434840196,2.00197866954612,-3.18890700333401,-0.762017102353641,4.89145603797595,3.20457834660987,0.977830924602399,-0.882511578869272,-0.560468774345091,-0.133848032832263,-1.52831854795145,-2.96918847630826,1.10064024289897,-0.571749377431107,-0.175254588246363,-1.2156976617443,2.37445055276201,-0.139901356500362,2.19182501633292,-0.5110623560244,0.146420268048046,0.566162029984635,-0.118470510572509,-5.00453505711679,1.38689508949305,-1.97785804173002,2.08030033271112,-1.77224298586029,-1.03763243260211,-0.0465233701379182,0.461486453841687,-0.943591537594265,-0.988687716209264,-0.797037508300715,1.6151982711615,-0.689651728662273,1.12695533514139,-1.09958085234589,0.235603742557298,-4.11152211051319,-0.389859218234663,-0.450118486602956,2.55691215898775,0.331223784135109,-2.67300099318152,-1.43417067832492,0.753669447788883,4.7123207058207,-2.35032282913648,-0.400521740590209,-0.451146526679237,-1.49096981295836,-3.3358996665504,1.17588665149284,0.273791574483755,-1.79559685500634,-0.00136047420751817,-1.0366197295391,1.08341469028787,1.94650052744349,1.24431429710201,0.185803972674027,-0.577259330910844,-0.942055693434297,2.36513071052948,0.918646657997234,4.04700424172509,0.268993425420994,0.410134218354347,-2.06405927539642,3.89584792998283,1.04340561904552,-2.06442800611478,1.27777555671164,-1.82512299460951,4.28301835583362,2.25081411724658,0.039954849887764,0.513850017583017,0.402037719433931,0.394523943910772,-1.73283428757684,0.819319452831733,-1.34822663914119,-4.54737567818985,-0.60909243536663,-1.96336484782108,0.764122978330173
"V14",-0.390027739889281,-0.772228007336921,0.503602330546332,2.49943562073544,-2.67840165896831,-2.23620416400684,2.60572463631237,0.405981128078804,-0.781003600430314,2.24778383185937,-1.55139569938002,-4.91306522332297,-1.06994589881442,0.758455266295593,-1.94803069522909,0.484154476561582,0.353044086627197,-1.77754109741487,0.608174676949347,0.367806391328328,-1.58453749522144,-1.75178154735464,-1.75492551176019,-0.219754542984163,-0.177527833290587,-0.283990931309166,-1.44881354013326,0.266219211760379,0.0960337505405771,-0.506917694864789,0.628949574527587,-4.23339661620988,1.92942310440136,-0.120742472117709,1.01636406594544,1.67093692164477,-0.963677861055392,-1.45858774026128,1.16503557821198,-2.5764803113664,-0.232858311372786,0.02240500697902,2.53868155814182,-0.150058359752478,0.127276915671503,-1.12368248254835,-0.641327195690833,-1.73090995955808,3.1642142764603,0.808365169751705,0.932810363363066,0.0465730429704472,0.620993632581468,-0.583159333167785,0.713179629101378,-0.850825369011837,-1.25852646478336,-0.425671546649439,-4.08952822087593,-1.29433127599065,-0.0360829109625431,0.0548600269243531,-1.40880483214003,-0.367220862506178,-1.03823478214643,-0.109149166577631,-0.476193092113195,-1.26520551566017,0.245843180594376,2.22404420503031,3.11371038098498,-1.65935203163327,-0.140896377916626,-1.493862147418,0.179066357901515,-1.95060260980726,1.14282740715965,-1.24074339662478,-0.371976694699447,-2.94872236792427,-0.523434676297486,0.4785403684749,-3.86127332576044,-0.722768177701625,-1.2674758843669,0.332227646073387,-0.830528758529029,-0.374686037063936,0.951052132243327,-2.44487458759855,-2.26698164057699,0.399587911206108,-0.803094036193476,1.08757257320335,-2.91042210148559,-1.13181948016598,2.73165176695753,2.2531851077215,-1.60986941233924,2.03056417363407,0.595604030916296,2.47796551590698,1.51579863511062,1.01303241607473,0.221347942664272,0.159873324373905,0.336444589753865,-0.0253748912748875,-0.655746563357286,0.149217025805615,-0.157452275620756,-1.28111324461378,0.276152524675274,4.62587517196368,-2.12957692350214,1.64442368994399,-0.992818941671286,-0.48850794623057,0.00432153621989162,0.447077343455907
"V15",-2.24708316906655,0.331618839085433,0.576308160031622,-2.03866395198221,-1.77450878673832,0.0216756305040366,0.377476415345512,-0.0745804090232003,1.02921940571888,0.665361464277478,0.848267426051612,-1.39257039488355,6.9261794067187,-1.2443448544695,-0.563983740282105,-0.561945152566366,1.24781137174181,2.40420130468166,0.480789097049776,0.921320953991412,-1.28542491951704,-0.782171226918695,0.989860273464406,0.169200991812418,0.563763051840247,-3.52640482715754,-0.749488223503739,-2.76755154407472,0.0747761765234154,0.699171139144505,2.84296703822965,-0.627131090445788,1.31071494463809,-0.21028626176243,-1.35610975620912,1.51484643774923,0.320833489693062,2.98970808766644,-1.04460685307018,-1.70971985547708,-1.11435622148278,-0.0404377868377868,1.77184926711273,-0.212056068184351,-0.771897593896781,-2.29571205302548,-0.13294137133884,-0.169350727067336,2.40098055420339,2.03306221899316,1.95502398501536,1.06170224651945,0.125790165156436,2.07077622575484,0.731053172999612,-1.4246173102193,4.05432364058763,-0.455996899567424,-0.233778640701064,0.718613224184054,0.27344720754251,1.21903116493054,0.0774832082994034,-0.905326580662548,-0.564741356192147,-0.88870578027354,3.47419683587665,-0.0839835929303741,-3.90420022962377,2.10824277095037,-0.921123526302469,2.20573859592596,-0.15827014832921,2.4549675298868,3.82395037822424,4.12398365159676,-4.1305657410497,-1.0733856952841,-0.850939942262523,3.51678815344753,0.359996923223001,0.775668118200427,-1.90073892007257,-1.31914832482225,2.14856249689357,0.621758138846253,0.508589943830772,-0.989295453207188,0.161357551449638,0.36587086574165,-1.72407642496982,-1.08535760585085,0.61479516313482,-0.0754129780001531,-0.0512729546886579,-2.04411938150711,1.46257292728331,0.213479235447277,2.94662873417958,0.958580252187312,1.17783756275646,0.0180198300121835,-1.73727381524995,0.165038548890664,-0.300941414038732,4.41226384107256,0.300720819492888,-1.21545639467806,-0.626377872310852,0.427419825441391,0.237006068409732,-1.28734016756936,-0.248333083391626,0.901446921271129,3.50570508189473,-0.546779717840728,-0.239631317129316,0.73840374760757,-3.04210663251977,0.509610269956351
"V16",1.26428294030684,-0.0252114321544301,0.181667506305304,1.31617241815855,-0.875516253995331,0.349549338041246,2.99319141324685,-0.763790501203562,-2.81845055519947,0.463176757234616,-0.795026131235645,0.897309081588049,-0.638352621247581,1.06348258544327,-0.416304720191125,1.49189393765163,0.309811475695358,-2.428645919706,-1.56805998902282,-0.824526338624326,-2.3732048856395,1.28976363643249,-1.2561922861545,0.124070137077691,-0.150026111811295,-3.61069120347386,-0.719624644872948,-0.421031520929644,2.00519994225019,2.52895474591819,-2.80216649524373,-3.47222621413955,1.3231710862651,0.280075717393,-0.338754985926114,-0.134017187601646,0.669798681070508,-2.83961763545998,-2.39669964203775,1.61816635902507,-0.0900907705175191,1.88655729798724,-0.548320507006456,0.507170087715437,2.30969315330082,0.165675001507667,-1.21721175732912,-0.583709249191944,2.78153970929626,2.27261631289737,2.83135878510404,0.456301109946219,0.720683112993174,-0.0334485527548907,-2.00110478218562,-0.323609957345575,-2.28708390323873,-1.31956511947442,-0.279009577692242,-0.453126436542107,-0.877235716187156,1.07647287067085,0.126132154191896,-0.606407557816018,0.108216384127417,-0.074357283876255,0.0612589023821464,0.0317561728835138,-1.49968176122808,0.56740217203714,1.10172426290693,-0.526461962628859,0.0282655727594984,0.293580336538411,-1.82933418127424,0.750007525556259,0.186866949756402,1.43721307621203,0.021279296683171,2.93503582139506,-2.46652295958525,0.164803240268032,-1.02068958949955,4.6724051228737,0.993191614228824,-1.05399328120687,0.910025919299629,4.79096325729071,7.15710513866871,3.72114181422788,1.20970723891709,2.2821142215184,-0.57025824953443,-3.3284331484094,-1.41603079802482,-0.0505036247979582,-0.651286129752441,1.66565279661028,-4.24398546685825,2.79259989383601,1.5762405234394,1.39128540503467,-1.37771974289723,1.08061652073277,-1.2427634689496,2.49475128928331,1.26455939929157,0.701370177237141,-2.86312553118443,0.568262636194931,-0.588092324072376,-1.93758722732332,1.33149991415434,1.662710587102,0.762650415760141,-1.19614597569931,-0.123761548340606,0.903395453943887,0.0183967964525644,0.464585368127997
"V17",-1.17996820956495,-2.11265454149247,1.40133368097093,2.28102550781296,0.204375444958577,-0.441165619652864,1.45609125139516,-0.401317105600098,-0.4414205452895,1.65531453142277,-3.29921579331133,-2.47739242059528,-0.565877884997283,1.80700846446408,-1.56863594917623,-1.51735872999296,0.376813889315258,0.938390558103861,0.909389373407504,0.590781128614324,-1.33445694597663,0.972155865160973,0.196473764794307,8.48862635697954,-1.15059233287565,2.19425783527969,-2.1493516843874,0.722985099383004,-0.605049332654406,-0.201078490499011,-1.14321903210372,-1.33553259011094,-0.104128486251668,1.47026484140855,-1.21753563861087,1.06570327879492,-0.544811949818024,-0.645212867607963,2.17595910942658,-1.26814362002301,-0.407412912989479,-0.925356956506086,0.841868525437787,2.39338829725996,-0.150064375849309,0.00629883495220529,-0.253773096661276,-0.115908702611847,0.297703919335603,-0.765624969875326,-2.91976499044229,-0.586337490720226,2.55105588755331,-0.365026717947398,-2.91311116119676,-1.82383764660261,-3.02534936211623,3.17241354930065,-4.031173648264,2.13153717533068,-0.423568837316935,-0.654097548846016,-2.36115763873485,0.282744635461222,0.19200260238292,-0.00586261443253022,-2.26012674049808,-1.49372711745272,-1.909136403318,2.65992433746802,2.73728227164763,-0.568868522480338,0.198262688241118,-0.679689535590057,-1.53891061223546,0.113064470949731,0.0180099309794262,-0.191641330282323,1.42729450774618,-2.73015695948623,0.678849812570631,0.964722336128817,0.213892250684582,3.16498738111731,2.27759551919015,-0.0320032296114918,0.686487930474152,0.534746954853491,-2.68548601408858,-3.60166686755244,2.07142203789525,-1.38324220452439,-1.61605822869829,-0.766728485595938,-3.11424358424258,0.495929666559647,0.543009857222355,0.212908968631183,-0.974208667771572,1.60613303481632,-1.83243088252496,-0.818161857690578,-1.92666925029781,2.92584745983895,5.56324662960875,-3.11797632232373,1.34107721286511,-1.18529619376791,1.2662838766268,0.592081351974746,-0.0607272962935781,-2.21729484084013,-0.725315237533127,1.36078814415454,-0.436240081176775,-1.41785231185949,-0.901765763722207,0.978122673013345,0.718243095821729,-1.19688763126788
"V18",-0.201669630270368,-0.924643539375714,-0.332156266815465,0.704173675693479,-0.157047830707381,2.82909761798832,-0.660533200525026,0.354626325448839,0.967572706305212,-0.662719691765318,4.78112633554746,-0.974728570735712,-0.753862927038432,0.575208177661422,0.143071428705651,1.29646883468847,-1.44598743484008,-2.89733178830926,1.34464278631792,0.956147203038487,-4.59835321049824,2.05556174513736,0.974120961977619,0.243897563175925,-1.70541166579815,0.669612599119898,0.99302530019645,-0.751029558780006,-0.702866841647151,1.29751242591936,-3.11562898618282,2.7585741860261,-0.68143378468452,-1.8693736931306,2.84833800596303,2.68193063715325,-2.53948500969536,0.290498918099012,0.416905160944903,-1.62462154084083,1.43815105356513,0.524363007662284,0.231930671096084,2.52291146963407,-0.00461360480505313,-0.809153484341261,-0.0825959356578583,0.654519873580234,0.879028529480852,-1.01912152418051,-2.13209929243126,-2.26942007004563,0.79134588053549,-0.915259956614468,0.964089307588473,-0.168030620653372,0.675872398215142,-0.559199296127716,-0.818214714334212,0.632955615265537,-0.909491243750969,-0.496853413531397,0.227803627829585,0.542156075292381,0.0599072737123358,0.815374092422495,1.98394854329417,-2.48648184419317,0.351655091812155,-1.68482112973614,0.400930277350787,-2.7668139783115,-0.279497246445824,-2.34218447701606,1.51608364070682,1.93916968676195,1.75996244392871,-2.17295685978686,1.1158972401691,-1.11425376772781,-2.14633194587439,0.168303057813064,1.96270137733945,0.18999813037826,-1.31513589575456,-2.18464345237037,0.848134041727082,0.607340178326742,2.40104100381445,-1.72895644017402,-1.81307196072354,-1.66621834713789,2.98898858861276,-1.31311499698004,3.88683786671131,1.15581332489573,-0.620082991478114,2.59247630609146,-1.56108772693038,-0.547925915810186,-2.09953330731089,-2.09729757873137,0.299583379963819,-0.415263767891295,-0.377968262390736,0.41692778086666,1.14132592944944,1.68582810126715,0.713255354936164,0.550515058168677,-1.01523658435192,2.2256314383778,-1.03234485544265,-1.56312355144917,-0.478669554357447,2.04595854398536,-1.18385259446711,-2.96232617942719,-1.45766615202158,-0.629157777222286
"V19",1.57707976957814,-1.03017539909495,0.530831689493905,-1.13079192626329,0.32469965671987,-0.373207497489135,-0.930663195412051,-0.0946320131895151,1.07650029069368,-0.306129749077885,-1.06298157429705,-1.8713025619582,-0.676274268165016,0.655676604985751,-0.215160064942267,0.0627085004097196,0.823718266498691,0.30169790840916,-2.82586195406273,0.021050139140538,2.57617536121209,-0.108985738480733,-0.900371286328049,0.266466858195436,0.656540709420575,-2.19853953041863,0.0903099815274651,-3.53483110566539,-1.6569330345284,1.68207830040847,4.35096402307279,-0.0134210929742204,3.01782027953554,3.00928658576951,0.636423574623133,1.17101988831609,0.878992372655293,-0.905420422142731,-0.703428935582179,-0.240190006370391,1.65492420992545,-1.00759244603773,0.429579782696155,1.99780059211636,-0.304020201541201,-0.128560219467372,0.800690996439693,2.82847573796089,1.45771688584898,-2.8695521337401,-0.170987993266071,2.15236186816844,1.84819572641229,0.0914329476186393,1.75339864807251,1.60848529756786,2.17638721010145,-0.554542703941533,-1.0020733506883,-1.80234148983085,-0.849717255671792,-0.847751307917594,1.32815642990077,-0.998563183968758,-0.371714900341318,-0.689560752860227,0.71061333480556,-0.372540791164611,-2.35964298097018,-1.95747147378229,-1.71071822875261,0.496972016810613,-0.51003265422633,2.97795401346579,4.19543950427677,2.15837068891327,0.433569880520055,-0.370212777246883,-0.547246601239284,1.01269425753638,-0.433282268835675,-0.206299126633252,-1.49255572364084,-3.4951287636145,-1.4764962418831,-2.10064409860615,-1.43918761301782,0.989713713392105,-0.661035980327783,0.214060153263664,0.626215723034216,1.72955619298699,0.294882700313833,1.10962474742471,-4.0431062985829,-0.0312932510990898,1.22661918395767,-2.87564890005789,-4.74879802244426,-1.89401499094826,-2.73890444561056,-3.83651805960493,-3.01632774738031,0.932707190912318,-1.60664309253526,0.363950931654841,-0.589909870422896,1.02374333141638,-1.12124564085585,-0.333591690870618,2.87258850594536,2.9564297357481,0.900348869552478,1.78838598141349,0.741991242995954,1.81279593280507,-0.585332834218552,0.253836424128359,-2.9549646169075,0.702247929849428
"V20",-1.7705078429052,0.161289570469057,0.503572669012873,-1.03141376719762,-1.86218255781246,0.786840400636507,1.8278848224758,2.73947639089154,-0.420861247782145,0.296541888381635,0.671680948369651,3.13992378398505,-0.748061917091086,-1.69937153668302,-0.700815371706344,-0.676815741499339,1.63586382814438,0.771009422396594,5.0473826430187,-1.12257884574093,-1.9924685604264,-0.169160824940402,0.366904975493076,-2.25439825733707,1.29077305400664,3.16323017948965,-0.945214388423928,-0.305609731184433,0.392759883045577,2.07694141306513,3.92376381502369,-1.518701558483,1.3445535293381,3.85584880898447,-0.812116519296199,1.79324250411232,-1.334008055425,-0.442897957463557,-2.13955425659956,3.91850517190698,-1.35053691032017,-0.974904799890673,2.95863242514833,1.87354599526545,0.770002468227671,2.82865468536581,-0.329449138950003,-1.71873087448959,-0.561894744272865,0.0823225297476067,-4.33631627945636,0.204620646095586,0.678733500419841,0.113552645879367,-0.0167464690138299,0.041744528922389,1.71730133831739,-0.329179514348239,-1.59153576753777,3.43791287553701,0.621125582490007,2.00984262132289,0.196729195646936,-0.213708028165495,0.186968045569519,-0.396204166955462,1.36676450744365,-3.18956619105921,-3.60096106442737,4.1772374746022,-2.02626156066536,-0.153363928310147,0.0809584851824492,-2.19763686804474,3.18385841436854,0.603710416091903,-0.873650137337091,-0.395323810498631,1.60296315210947,1.81897454031089,-0.471897573077735,1.13778930317246,0.227877833326142,-2.45885967775189,2.00013701511678,1.25698132582822,2.38917695958463,0.568589829902132,1.36804286908136,-0.974410313809589,-2.75814495462495,-0.155165944110271,1.75103035123219,-0.701857590267352,2.4398034118064,3.23641165905617,0.123551814506385,-0.719000167976796,-2.25326147470591,-0.58756101120988,3.33383867485009,1.48331388799498,-1.50525175742005,-0.272444775930352,2.86567325357235,-0.541564676445907,2.02215826541468,2.5452233517924,2.04574246649849,0.923948736114341,-0.00528594844587271,1.16731370591537,0.0399650405172725,-0.42439854742035,3.08511856767367,-2.47333839062257,1.5923717395589,1.8799419395603,-1.64429049943347,-0.0387038310039358
"V21",1.13838367068477,-0.144533293129145,0.549889038604137,-0.62638348183394,2.39626688083729,2.3087039423215,1.04015309786409,-1.5143969411572,-0.12689794540216,-0.22114677849671,-0.0870749773470705,2.81080634904947,-0.301572215927122,0.292377688522337,1.05955623411036,3.22547135238091,-0.225859890580683,-1.46117959301127,0.76258361737334,0.822362008910979,1.40196188219378,0.267002545344877,0.568945493693531,-1.93455650162193,0.616767077051968,0.18512352332648,-1.45251435021367,-1.79343216816474,-0.870343290755894,-0.141110186543397,2.29296852732491,0.81713514094861,0.0806934518466473,1.20334652943514,-1.45558419849342,-1.13913147914455,1.83691526355659,0.584743991404246,-1.47172769860108,-0.691170546882061,-0.578917717703685,0.886418821445899,0.388984682162326,3.74263078701525,-0.480029496785384,-0.678630683347017,-0.00497496544637777,1.42371209717501,1.16888665617722,-1.84104920696965,1.71711937836466,-0.237010567173691,-0.449226722514029,0.287258663217198,0.348588779974389,-3.15913545597051,2.5225791660004,6.84349609272384,1.05725485179961,-1.61393260542476,1.2368158567823,1.577728617104,-0.0429315857981423,1.54805834046245,-0.592199429260812,1.69472467054967,0.0418325092182581,1.64131055575807,-3.82607764251122,0.0893485022171383,-1.68829308752599,4.68104093665202,-0.526188519358597,3.04584397096384,0.82142149311508,-1.2052277207998,2.59817547793528,0.437679122469568,1.57077097152175,-4.09616172941441,-1.34054062379198,1.08576832935502,0.413821401670237,4.17926559219598,1.23746816078348,-0.773224315114243,-0.862240500778267,-1.0092388412949,-0.279584864025425,-0.899702084727013,-1.66018005823889,-3.47311402235795,-5.13063399860315,-1.29102322313141,3.14339781628963,2.95130100345789,-3.18472902680248,1.70332190367117,0.0560911539095663,1.16839911818929,1.75557937558069,-2.05622775367428,-0.549513888082325,-3.22996032603267,4.35625820082095,0.726281917825673,0.201309875884162,1.74770375124737,-0.43584663243876,0.849182355341748,-0.660582817010656,-0.102667870175459,0.874900447386089,2.42338271288612,4.44474078459014,3.32504931698947,3.81025719622937,1.02200257049413,0.124753784497003,-1.06809550754497
"V22",-0.530724442741756,0.0722955685906559,1.94468760594221,-0.889641664212725,-2.56146297459922,-0.748286785219479,3.25070098955737,-1.53568130741462,-4.57162638025175,0.545244872150047,0.360039833410559,0.0299804377506994,-1.72791017291762,-1.09999626802806,-0.845329682968239,-1.54655416647619,2.94371771542885,0.116744688911878,6.38970628641141,-0.139737846853828,4.0099219560282,-1.24580512708899,0.107412054102345,0.249247525712611,1.46311849290576,2.9416429703248,-1.45247927722455,-0.501501561571543,-2.09990609183902,0.535262786670814,1.09625155010703,1.23707401422803,0.364270796686077,1.02408227507966,1.2749578886778,1.04289855473276,1.95212783255234,-2.2930299586376,2.80521206224781,0.6090588659592,2.07806805697119,-0.0189179351099504,1.50617284351216,1.02781360497124,-1.10451719585868,-0.022911504356935,0.527417161307406,1.07333984249918,-5.28622742639,-2.39467547725588,2.53980314042441,2.67973536809922,1.00716116118798,-3.05776828693065,6.83370772575339,-1.04065460135115,-0.556092675345966,-1.72171130764833,-2.31835135259534,-0.328680549858991,-1.5688179492758,-1.23788319957714,0.512348712618609,-2.64093546337244,-0.646670386752166,0.0910264685815969,-1.22233875006383,1.14669483422279,1.14264981154554,-2.0842999761488,1.5893935528643,-3.36228236887844,-0.352812047521696,-3.62165176665734,-0.499602516862764,0.435766914358067,0.915303713386319,-0.603251837448575,0.0757748125792286,-2.88501045571097,-0.421276725949041,-0.259171069539637,2.3317887959148,3.8244745532314,3.08720349117314,-0.649668433699101,0.245010384130916,2.25640193928213,-2.76728251399424,-0.300353362685003,-0.0300161697051102,-2.26635147379264,1.41696939444918,-1.64374603110104,-3.04827616969217,0.57969596693494,0.365700598747118,-2.26302843661466,-2.72088413922309,0.339528724838186,-2.41391816360875,-3.81842764894011,-1.22852141671109,1.5026017697065,-3.89134947092476,1.32096921088356,-3.28443873646124,-1.99243641133305,3.20160380662671,-0.854600000361754,1.76178743877516,-1.9414580131565,-0.111584019389085,-1.61237719230536,-1.83493458401594,-1.26066591061246,-0.755957420124176,2.19155173380232,0.169456990749342,0.702337865649453
"V23",-1.36739795943724,-1.19584552419705,-1.62607233784353,-1.6939617923872,3.12081710188183,1.13456387882833,0.285909983477192,1.80370743343904,0.491135120321363,2.80677333926951,-0.498178738144018,0.0678304682342059,1.2454744763668,0.314967558598238,0.540070320551635,-0.893990536860437,0.723253036999061,-1.47673711910564,3.26289824355225,-1.78619063568189,-1.16461147325244,0.703500741058781,3.77874755648723,-0.594705935917508,1.66182051515848,0.334697286523112,1.59782901748722,3.97467687647793,2.14436017330569,-0.572733281870634,-3.53398952917954,1.72402896632998,-1.9267369504805,-3.74929816195955,1.5536430833959,-2.12660826392239,-0.737108781895743,-0.86854248822354,2.34249870435225,-1.40700913998258,-1.57697075702047,1.36343281145418,2.85042755374684,0.269848731182099,3.55438624965436,-2.111222306819,1.05966510452595,2.36928630629119,-2.53058129154931,-0.4419208586252,4.3209952563126,5.44364152714201,0.516596926166051,2.13467220202695,0.0658756520829371,2.01050374265104,-0.278265484482474,-1.75011699622872,1.0498713929407,0.29134465874067,0.903517069588316,-0.415162452380597,0.40598506355414,2.43434716167114,0.70328772927928,1.36553651820847,0.160604314719624,2.29117188929087,1.71724840940602,-4.8422460904886,-3.23894973602036,1.52978531066491,0.0560087377978706,1.2379277835566,-3.56849973323625,0.302687833397274,0.0690127298503107,-1.42824569296891,1.9999590438453,3.45648165929603,2.33081319594088,-1.93791444607072,3.65134874781459,1.3783810303676,-0.84079085482697,2.02091986579409,0.0154467981076376,2.83241689666725,-1.03938388441883,4.27940645855824,1.11843649993,2.42108802760883,0.358274060111095,1.29859271373961,-1.10392270374685,-0.0490821404490767,-1.72788909164351,-2.36185369687334,2.08750639241901,-0.962758938008832,-0.373102941867362,2.35443293226317,-3.47764002191245,0.155500979636725,0.769712538995427,-7.08353424103509,-0.23887740593957,-0.35678303714673,2.87817217971901,-1.5450213200197,-0.222408448793933,2.45627524102092,-0.998698833137264,1.83092576179355,-1.09540753117808,-0.576810941544132,2.75843875890192,0.777417550494654,3.00182300853864,-0.856975679874807
"V24",-3.35530303127807,4.49504909064893,-1.15026438883018,-0.691624250503423,-0.154728806130576,0.483360021460735,-1.33908164204355,0.406820351972328,0.617432392871404,-2.61077885693374,-0.561941611385481,2.86674605465331,-0.116086295405452,-0.0716305075314025,-0.221827975959889,1.04758622965968,-2.14762543953059,-2.60114427091087,-3.87781998952914,0.293488543839931,0.319710167140407,0.232946571697864,5.69636191405499,3.54554637105481,0.336735950578714,1.78240656490654,0.870449723439563,0.962731559227959,4.72803361475174,-0.580825803896182,-4.39652802467799,-1.42447736176801,-1.02078542489773,-1.13530674491834,0.0144731007814274,-1.48708099430812,-0.525430660884975,-0.613009702201013,-1.39479547280206,3.00001327494006,-0.54658843837421,-0.478031228488762,0.386331638182434,0.981760676435499,1.02607605861389,2.15582555338204,0.507056296724238,-0.43318251616672,0.137828963280842,-0.383746387058641,-0.67942254164556,0.321310237650971,1.10494795071167,0.434693228282278,-1.21879325325697,3.54027697702341,-0.385234169733807,-1.46833383953059,1.43905256172957,0.777083502320497,3.38320658870451,0.629005997033152,1.43373256962555,-0.0743589887245379,-0.318341030467845,-1.52495355378594,-0.434998319430244,-1.48777970445974,0.562868408736339,3.39139032665149,-2.12362584352117,-1.32150503178721,0.213878718153948,0.661783230305526,-0.963308875605924,1.93554925314918,0.518132142243908,-0.240701295317808,-0.532441305943029,0.0707949331910829,6.83049905928031,-1.87912689127743,0.532629120615336,1.42097913801365,-6.51315135384231,0.588994945208395,-1.17613088286095,2.56427351105688,4.30578520834312,1.92129169266492,-1.53027375920473,-2.7728933172709,-1.06050377955671,-0.705991438096343,0.0739227244023875,4.16894693290667,0.0156282219819079,1.77181251826057,2.60601253146693,-4.87835895641171,1.41244686652518,-0.518761755328261,4.18070259220941,0.0817258115769688,-2.87946222837371,2.05848935086183,0.591557284015609,-0.488053062664369,0.765510166487496,0.472390563968072,-0.737321009055618,-0.590758552016538,-0.772971085826163,-1.02215246257263,-1.93503062325519,0.720145216580832,-0.0143685598373509,-2.77492724125954,1.06275882131552,0.633382722982384
